Date,Valeurs,Gain,Rendement,Rentabilite
2013-09-04,103.36,0.7000000000000028,-4.8427665887524295e-05,0.0067701969201245825
2013-09-05,103.68,0.3200000000000074,-2.1920565167607812e-05,0.0030740546670306058
2013-09-06,103.23,-0.45000000000000284,3.086461442518339e-05,-0.004309413163352621
2013-09-09,104.48,1.25,-8.507856962531335e-05,0.012023804506999698
2013-09-10,106.26,1.7800000000000011,-0.00011769724164509625,0.01691905620399044
2013-09-11,107.83,1.5699999999999932,-0.0001005864529639084,0.014674493539507323
2013-09-12,107.83,0.0,-0.0,0.0
2013-09-13,108.39,0.5600000000000023,-3.517292318132344e-05,0.005158186995208757
2013-09-16,109.7,1.3100000000000023,-8.087693973338253e-05,0.012005108852313876
2013-09-17,110.39,0.6899999999999977,-4.182750770110654e-05,0.006248053987285199
2013-09-18,111.01,0.6200000000000045,-3.714061677147599e-05,0.005579310148696452
2013-09-19,112.0,0.9899999999999949,-5.845266645376114e-05,0.008859662818637625
2013-09-20,109.58,-2.4200000000000017,0.00014474891106112546,-0.021462393946081747
2013-09-23,109.42,-0.1599999999999966,9.795829876143894e-06,-0.00145032463006177
2013-09-24,110.0,0.5799999999999983,-3.5374300110236166e-05,0.005265301993071981
2013-09-25,109.26,-0.7399999999999949,4.519881995123774e-05,-0.006682073907321443
2013-09-26,109.66,0.3999999999999915,-2.4507545162374578e-05,0.0036364845837044703
2013-09-27,109.36,-0.29999999999999716,1.836385139292994e-05,-0.0027173647643283644
2013-09-30,107.82,-1.5400000000000063,9.587649518867923e-05,-0.01398605474109521
2013-10-01,107.38,-0.4399999999999977,2.789839425760001e-05,-0.004052977139038614
2013-10-02,104.98,-2.3999999999999915,0.00015628976266584817,-0.02219424106244117
2013-10-03,103.69,-1.2900000000000063,8.699524697988394e-05,-0.012201059620614003
2013-10-04,104.27,0.5799999999999983,-3.938047983812053e-05,0.005554215816815349
2013-10-07,104.03,-0.23999999999999488,1.6242113002209618e-05,-0.002285474584034281
2013-10-08,102.76,-1.269999999999996,8.721080291781597e-05,-0.012120806115278819
2013-10-09,102.84,0.0799999999999983,-5.557162308572164e-06,0.0007729558777848328
2013-10-10,105.92,3.0799999999999983,-0.0002075677771422945,0.02974186823997165
2013-10-11,107.01,1.0900000000000034,-7.059491502624516e-05,0.010220190583463212
2013-10-14,106.9,-0.10999999999999943,7.05894623247127e-06,-0.001020882367663421
2013-10-15,105.8,-1.1000000000000085,7.139677092029873e-05,-0.010218593874542829
2013-10-16,106.43,0.6300000000000097,-4.107145397460917e-05,0.005913559925987675
2013-10-17,108.02,1.5899999999999892,-0.0001015262037088447,0.014837870582911366
2013-10-18,107.74,-0.28000000000000114,1.7661441421434035e-05,-0.0025744511303245495
2013-10-21,107.62,-0.11999999999999034,7.597322201170152e-06,-0.001106195141136405
2013-10-22,106.13,-1.490000000000009,9.576446229401481e-05,-0.013749245758854554
2013-10-23,106.39,0.2600000000000051,-1.690377225707728e-05,0.0024329219132230425
2013-10-24,107.06,0.6700000000000017,-4.318132981725485e-05,0.006254403029615038
2013-10-25,107.52,0.45999999999999375,-2.933530412194804e-05,0.004267320776580403
2013-10-28,105.99,-1.5300000000000011,9.855678793985111e-05,-0.014131353926345874
2013-10-29,106.42,0.4300000000000068,-2.798527422419204e-05,0.00402900123393702
2013-10-30,105.95,-0.46999999999999886,3.060010384583286e-05,-0.004385862967005501
2013-10-31,106.25,0.29999999999999716,-1.9563232348076057e-05,0.0028119610715688394
2013-11-01,107.51,1.2600000000000051,-8.097333050479564e-05,0.011777850198907017
2013-11-04,107.98,0.46999999999999886,-2.9720419214045984e-05,0.0043419659355436405
2013-11-05,107.68,-0.29999999999999716,1.8940530668304484e-05,-0.002759351745679141
2013-11-06,108.67,0.9899999999999949,-6.210688373202823e-05,0.00913180099145366
2013-11-07,107.27,-1.4000000000000057,8.816360619686983e-05,-0.012794876791337001
2013-11-08,108.55,1.2800000000000011,-8.069583489721549e-05,0.011851810923749201
2013-11-11,108.08,-0.46999999999999886,2.940843760430232e-05,-0.004300393496988041
2013-11-12,107.45,-0.6299999999999955,3.9823373924073516e-05,-0.0057891921701173354
2013-11-13,107.46,0.009999999999990905,-6.440097258636874e-07,9.24225328519949e-05
2013-11-14,108.69,1.230000000000004,-7.830948514514946e-05,0.011367810001175378
2013-11-15,108.59,-0.09999999999999432,6.30037298026162e-06,-0.0009137474695074955
2013-11-18,109.13,0.539999999999992,-3.388484112355169e-05,0.004938948753129989
2013-11-19,109.1,-0.030000000000001137,1.8736912606205535e-06,-0.00027302780237083857
2013-11-20,108.83,-0.269999999999996,1.6909706380994117e-05,-0.0024578840608050377
2013-11-21,109.77,0.9399999999999977,-5.85115014287957e-05,0.008578812765776917
2013-11-22,110.2,0.4300000000000068,-2.643314748053083e-05,0.003890848441296064
2013-11-25,110.31,0.10999999999999943,-6.72886613166622e-06,0.0009914562518356605
2013-11-26,110.94,0.6299999999999955,-3.8280992187182206e-05,0.005672896598239755
2013-11-27,111.51,0.5700000000000074,-3.4262461498304156e-05,0.005103649923574775
2013-11-29,110.86,-0.6500000000000057,3.90994230292707e-05,-0.005789974202654575
2013-12-02,110.31,-0.5499999999999972,3.3444030656215834e-05,-0.004927768309231906
2013-12-03,109.69,-0.6200000000000045,3.8102673615724055e-05,-0.005582421304264836
2013-12-04,108.94,-0.75,4.66715837204396e-05,-0.006790779414547406
2013-12-05,109.05,0.10999999999999943,-6.885338982270439e-06,0.0010028447876929583
2013-12-06,111.12,2.0700000000000074,-0.00012702760942045525,0.018855090684939995
2013-12-09,111.18,0.060000000000002274,-3.611420260473552e-06,0.0005363453831952704
2013-12-10,110.98,-0.20000000000000284,1.20532534193493e-05,-0.0017868314380719516
2013-12-11,108.66,-2.3200000000000074,0.0001430603377129914,-0.020761607169946114
2013-12-12,108.09,-0.5699999999999932,3.608820825896525e-05,-0.005209632388096577
2013-12-13,107.35,-0.7400000000000091,4.742308868303015e-05,-0.006798723640894258
2013-12-16,108.53,1.1800000000000068,-7.531402145357068e-05,0.010916767953395119
2013-12-17,107.62,-0.9099999999999966,5.793543655459952e-05,-0.008326842965730451
2013-12-18,109.81,2.1899999999999977,-0.00013780180866954753,0.02021157563046814
2013-12-19,109.5,-0.3100000000000023,1.9171291262464085e-05,-0.0028038867180263283
2013-12-20,110.66,1.1599999999999966,-7.118670418824796e-05,0.010522420601747793
2013-12-23,110.82,0.1599999999999966,-9.701901323193141e-06,0.0014361683318233512
2013-12-24,111.47,0.6500000000000057,-3.912757133511118e-05,0.005826239690891975
2013-12-26,112.69,1.2199999999999989,-7.22207730606842e-05,0.010872428011365608
2013-12-27,112.8,0.10999999999999943,-6.434930916740789e-06,0.0009696942730942578
2013-12-30,112.73,-0.06999999999999318,4.0935030241624065e-06,-0.000616473872862302
2013-12-31,113.8,1.0699999999999932,-6.202227479341652e-05,0.009429683571032833
2014-01-02,112.49,-1.3100000000000023,7.609581959995665e-05,-0.011435327730487936
2014-01-03,112.9,0.4100000000000108,-2.4006103833662565e-05,0.0036207623200263323
2014-01-06,112.79,-0.10999999999999943,6.423531065229162e-06,-0.0009678900207505318
2014-01-07,113.51,0.7199999999999989,-4.181898216659639e-05,0.006341725658315705
2014-01-08,113.65,0.14000000000000057,-8.069937182869863e-06,0.0012253015719352746
2014-01-09,113.71,0.05999999999998806,-3.4524614104578022e-06,0.0005244841861917249
2014-01-10,113.83,0.12000000000000455,-6.894004028790583e-06,0.0010484221511027241
2014-01-13,112.8,-1.0300000000000011,5.965090972644612e-05,-0.008988930307878765
2014-01-14,112.63,-0.1700000000000017,9.950191056095133e-06,-0.0014971420075254804
2014-01-15,114.07,1.4399999999999977,-8.33455944813884e-05,0.012701880366630197
2014-01-16,114.22,0.15000000000000568,-8.560977268319065e-06,0.0013064210513106735
2014-01-17,114.21,-0.010000000000005116,5.700322079196939e-07,-8.698030923845674e-05
2014-01-21,114.99,0.7800000000000011,-4.416478081143757e-05,0.006785359779209587
2014-01-22,116.12,1.1300000000000097,-6.29298975266125e-05,0.009764011575645052
2014-01-23,114.84,-1.2800000000000011,7.137653166721382e-05,-0.010951703041188462
2014-01-24,111.8,-3.0400000000000063,0.00017606955980179964,-0.026295543118707486
2014-01-27,113.79,1.990000000000009,-0.00011631958863742881,0.017683322629609526
2014-01-28,113.86,0.06999999999999318,-4.01761618860336e-06,0.0006111506762799192
2014-01-29,113.27,-0.5900000000000034,3.401822222498984e-05,-0.0051477839910193755
2014-01-30,114.68,1.4100000000000108,-8.071647921375402e-05,0.01236741630086933
2014-01-31,114.02,-0.6600000000000108,3.7533658374963435e-05,-0.005717611092235525
2014-02-03,110.16,-3.8599999999999994,0.0002285220035020861,-0.033625187871958354
2014-02-04,109.1,-1.0600000000000023,6.558475033521075e-05,-0.009556782715169531
2014-02-05,107.91,-1.1899999999999977,7.516336250983896e-05,-0.010832261018791698
2014-02-06,109.45,1.5400000000000063,-9.69591823804137e-05,0.01417419270345043
2014-02-07,110.73,1.2800000000000011,-7.853705030991527e-05,0.011616300775181186
2014-02-10,111.6,0.8699999999999903,-5.235226069728299e-05,0.007804597075525876
2014-02-11,112.96,1.3599999999999994,-8.022241139915147e-05,0.012106157516916256
2014-02-12,112.78,-0.1799999999999926,1.0635460910322908e-05,-0.0015828489583530679
2014-02-13,113.3,0.519999999999996,-3.063246373951478e-05,0.004580114122534612
2014-02-14,113.87,0.5700000000000074,-3.325647463215937e-05,0.004997634964026334
2014-02-18,113.74,-0.13000000000000966,7.555468379053167e-06,-0.001134097293542521
2014-02-19,114.04,0.30000000000001137,-1.740970477948545e-05,0.002620184809024026
2014-02-20,115.05,1.009999999999991,-5.794528813080116e-05,0.008798596276232501
2014-02-21,115.38,0.3299999999999983,-1.871273928494994e-05,0.002849605383270446
2014-02-24,116.49,1.1099999999999994,-6.216477748782821e-05,0.009558220037904784
2014-02-25,115.89,-0.5999999999999943,3.345470670717632e-05,-0.005117202002023138
2014-02-26,116.11,0.21999999999999886,-1.2306871824852244e-05,0.0018860450135837151
2014-02-27,116.61,0.5,-2.7797463491011333e-05,0.004278463840444911
2014-02-28,117.02,0.4099999999999966,-2.261666431782526e-05,0.003493376818230812
2014-03-03,116.76,-0.2599999999999909,1.432384960574692e-05,-0.0022075185704933035
2014-03-04,117.59,0.8299999999999983,-4.5504484653901874e-05,0.007063094350563623
2014-03-05,117.41,-0.18000000000000682,9.813809224539107e-06,-0.0015209286008444022
2014-03-06,117.76,0.3500000000000085,-1.905485919335496e-05,0.002961951869364762
2014-03-07,118.31,0.5499999999999972,-2.9715567089864684e-05,0.0046408007372579375
2014-03-10,117.77,-0.5400000000000063,2.9172806741507075e-05,-0.0045351074738772595
2014-03-11,115.64,-2.1299999999999955,0.0001177273667112226,-0.01796837265876212
2014-03-12,115.81,0.1700000000000017,-9.555102745142891e-06,0.0014605244545014993
2014-03-13,112.89,-2.9200000000000017,0.00016812097553729036,-0.025045591139133305
2014-03-14,112.6,-0.29000000000000625,1.7172942624280475e-05,-0.0025516994109943416
2014-03-17,114.41,1.8100000000000023,-0.00010575886548581623,0.015968841489753992
2014-03-18,114.68,0.27000000000001023,-1.5490044979834414e-05,0.002344443527260444
2014-03-19,114.01,-0.6700000000000017,3.857311902190576e-05,-0.005803770794476539
2014-03-20,113.77,-0.2400000000000091,1.3927755126062837e-05,-0.0020911507467598163
2014-03-21,114.57,0.7999999999999972,-4.619892822211895e-05,0.006985531756492632
2014-03-24,113.75,-0.8199999999999932,4.7362227388359435e-05,-0.007109834246383075
2014-03-25,115.2,1.4500000000000028,-8.329227079345351e-05,0.012663960476459318
2014-03-26,114.58,-0.6200000000000045,3.5356639226369473e-05,-0.005346587805218114
2014-03-27,113.8,-0.7800000000000011,4.502815032491257e-05,-0.0067624426124609244
2014-03-28,114.81,1.0100000000000051,-5.818887748622267e-05,0.008817030806169359
2014-03-31,116.84,2.030000000000001,-0.00011391091942269291,0.017567475719371846
2014-04-01,117.92,1.0799999999999983,-5.9004525367599325e-05,0.009184405265799793
2014-04-02,119.87,1.9500000000000028,-0.00010384299851614858,0.016432792008268138
2014-04-03,119.77,-0.10000000000000853,5.243026221208237e-06,-0.0008289940639598924
2014-04-04,118.18,-1.5899999999999892,8.455624212951095e-05,-0.013190888360024529
2014-04-07,116.18,-2.0,0.00010964661341869076,-0.01681369066869334
2014-04-08,115.77,-0.4100000000000108,2.294547411793472e-05,-0.0035060612396022473
2014-04-09,117.04,1.2700000000000102,-7.055275208053386e-05,0.010899474025150272
2014-04-10,114.56,-2.480000000000004,0.0001392274751238869,-0.02105010950368681
2014-04-11,113.93,-0.6299999999999955,3.6333733941589205e-05,-0.005462967942036025
2014-04-14,114.94,1.009999999999991,-5.805674300672656e-05,0.008807035857712933
2014-04-15,115.84,0.9000000000000057,-5.088073219532361e-05,0.007779291531594529
2014-04-16,118.07,2.2299999999999898,-0.00012272903954830845,0.01912796156818641
2014-04-17,118.57,0.5,-2.688414355765854e-05,0.004207891836792981
2014-04-21,118.3,-0.269999999999996,1.4489212579207904e-05,-0.0022626466565276154
2014-04-22,119.19,0.8900000000000006,-4.751229697402022e-05,0.007475733687810431
2014-04-23,119.65,0.46000000000000796,-2.4279844083934376e-05,0.0038351043324410085
2014-04-24,118.98,-0.6700000000000017,3.542653849320894e-05,-0.005564239153107307
2014-04-25,117.21,-1.7700000000000102,9.553779649692338e-05,-0.01478091202700291
2014-04-28,117.7,0.4900000000000091,-2.6735944795637657e-05,0.004153794726648856
2014-04-29,117.56,-0.14000000000000057,7.616098987741642e-06,-0.0011818486418788733
2014-04-30,118.33,0.769999999999996,-4.166552589973137e-05,0.006508181360796389
2014-05-01,116.8,-1.5300000000000011,8.332864274485445e-05,-0.012846613045753423
2014-05-02,116.52,-0.28000000000000114,1.5486572042833804e-05,-0.0023817737019297784
2014-05-05,116.82,0.29999999999999716,-1.658991502130584e-05,0.0025580753784905136
2014-05-06,116.01,-0.8099999999999881,4.498968731457431e-05,-0.006888754534565139
2014-05-07,116.91,0.8999999999999915,-4.99500591346417e-05,0.0077080018415635
2014-05-08,117.02,0.10999999999999943,-6.052314890361302e-06,0.0009348423904385194
2014-05-09,116.99,-0.030000000000001137,1.6495026004527581e-06,-0.00025471693048791794
2014-05-12,118.63,1.6400000000000006,-8.894901870245872e-05,0.01392934314302077
2014-05-13,118.74,0.10999999999999943,-5.878163946951382e-06,0.0009213746388853797
2014-05-14,117.32,-1.4200000000000017,7.762754480274794e-05,-0.011881274257454298
2014-05-15,115.7,-1.6199999999999903,9.088792874482734e-05,-0.01371749938799563
2014-05-16,114.58,-1.1200000000000045,6.433872509359192e-05,-0.00961586870792287
2014-05-19,115.02,0.4399999999999977,-2.5425359386761193e-05,0.0038146863529539415
2014-05-20,113.1,-1.9200000000000017,0.0001123988494250269,-0.016580350237690274
2014-05-21,114.84,1.740000000000009,-0.00010202111474799208,0.015282594269867474
2014-05-22,115.04,0.20000000000000284,-1.1528811645723806e-05,0.0017300246540456977
2014-05-23,115.54,0.5,-2.8647410623917988e-05,0.004317666914828098
2014-05-27,115.85,0.30999999999998806,-1.763721047275253e-05,0.0026654162774966783
2014-05-28,115.95,0.10000000000000853,-5.669304895108291e-06,0.00085751584832033
2014-05-29,116.35,0.3999999999999915,-2.257976698231996e-05,0.003427183061823126
2014-05-30,116.22,-0.12999999999999545,7.321375787472699e-06,-0.001109997059966678
2014-06-02,117.4,1.1800000000000068,-6.586120075936085e-05,0.010087296603405214
2014-06-03,117.82,0.4199999999999875,-2.3123777407838698e-05,0.0035543889994234007
2014-06-04,117.14,-0.6799999999999926,3.752159398242691e-05,-0.005733994277686158
2014-06-05,118.17,1.0300000000000011,-5.6665845679700774e-05,0.008736231542061473
2014-06-06,118.9,0.730000000000004,-3.956674964628707e-05,0.006137974081359924
2014-06-09,120.09,1.1899999999999977,-6.346800788433661e-05,0.00994494242104752
2014-06-10,119.13,-0.960000000000008,5.11022299059636e-05,-0.007942902266721633
2014-06-11,118.3,-0.8299999999999983,4.485065718518856e-05,-0.006922328055145865
2014-06-12,116.85,-1.4500000000000028,7.988240764015356e-05,-0.012177091387795205
2014-06-13,116.79,-0.05999999999998806,3.348216099215066e-06,-0.0005101306028993992
2014-06-16,116.87,0.0799999999999983,-4.463524157250345e-06,0.0006805266291092818
2014-06-17,117.01,0.14000000000000057,-7.796480865475039e-06,0.0011901157292825576
2014-06-18,117.23,0.21999999999999886,-1.2213989478838298e-05,0.0018679671916167846
2014-06-19,117.58,0.3499999999999943,-1.9337148329245413e-05,0.0029662467465781527
2014-06-20,117.99,0.4099999999999966,-2.2506180873469842e-05,0.0034644814020487673
2014-06-23,117.13,-0.8599999999999994,4.738945475443012e-05,-0.0072413638294221904
2014-06-24,115.68,-1.4499999999999886,8.149635483399887e-05,-0.012297911141110581
2014-06-25,116.12,0.4399999999999977,-2.494502677581178e-05,0.0037786511004717477
2014-06-26,115.75,-0.37000000000000455,2.0963814216525862e-05,-0.0031653951248121043
2014-06-27,116.58,0.8299999999999983,-4.68413762655213e-05,0.007123784973626473
2014-06-30,115.45,-1.1299999999999955,6.393770747352484e-05,-0.009628977029187956
2014-07-01,115.93,0.480000000000004,-2.7311658239652563e-05,0.004130332343492734
2014-07-02,115.14,-0.7900000000000063,4.50714609312002e-05,-0.006769385538982595
2014-07-03,115.53,0.39000000000000057,-2.2327505942824672e-05,0.003364853317402673
2014-07-07,115.1,-0.4300000000000068,2.4626061724038716e-05,-0.0036973509139533334
2014-07-08,114.07,-1.0300000000000011,5.9743005178533235e-05,-0.008888997220712007
2014-07-09,113.84,-0.22999999999998977,1.3488327819075922e-05,-0.002002817449335213
2014-07-10,113.51,-0.3299999999999983,1.9448295033430105e-05,-0.002879357045795789
2014-07-11,114.13,0.6199999999999903,-3.644637619768102e-05,0.00542562744989685
2014-07-14,114.88,0.75,-4.356258313933605e-05,0.006527891022398209
2014-07-15,114.84,-0.03999999999999204,2.308973697290436e-06,-0.000345880441344423
2014-07-16,114.36,-0.480000000000004,2.7833672439120014e-05,-0.004151894645220267
2014-07-17,112.77,-1.5900000000000034,9.389144052836655e-05,-0.013809571308684675
2014-07-18,113.57,0.7999999999999972,-4.7569587543095764e-05,0.007046515718832688
2014-07-21,112.98,-0.5899999999999892,3.5017361573606925e-05,-0.00516001653822378
2014-07-22,110.86,-2.1200000000000045,0.00012890092127647567,-0.0186354821553743
2014-07-23,109.73,-1.1299999999999955,7.074158645393948e-05,-0.010122294675498031
2014-07-24,108.95,-0.7800000000000011,4.968652157514243e-05,-0.007058670354393153
2014-07-25,108.88,-0.07000000000000739,4.493857515105643e-06,-0.0006380027005391155
2014-07-28,108.99,0.10999999999999943,-7.059184379927051e-06,0.0010032273696244762
2014-07-29,107.33,-1.6599999999999966,0.00010806794949946352,-0.015122687165648685
2014-07-30,106.38,-0.9500000000000028,6.336349076593644e-05,-0.008787843068444002
2014-07-31,105.15,-1.2299999999999898,8.37399030017938e-05,-0.011478583842062972
2014-08-01,104.75,-0.4000000000000057,2.765624970434735e-05,-0.0037764331463965147
2014-08-04,105.05,0.29999999999999716,-2.076193233992466e-05,0.0028431998815025305
2014-08-05,105.02,-0.030000000000001137,2.0708554681081405e-06,-0.0002835074405814029
2014-08-06,103.79,-1.2299999999999898,8.593581312183006e-05,-0.01162611903357394
2014-08-07,104.22,0.4299999999999926,-3.0273210441666246e-05,0.00411270780892429
2014-08-08,105.96,1.7399999999999949,-0.00011999214996507368,0.01657545977864743
2014-08-11,105.72,-0.23999999999999488,1.6315813886205164e-05,-0.002248689848627903
2014-08-12,104.91,-0.8100000000000023,5.561700298270315e-05,-0.007606131010638203
2014-08-13,105.56,0.6500000000000057,-4.527646486969624e-05,0.006150510400062204
2014-08-14,105.77,0.20999999999999375,-1.4508844665721912e-05,0.001974881075758622
2014-08-15,105.63,-0.14000000000000057,9.666153194570163e-06,-0.001313960584065528
2014-08-18,108.09,2.460000000000008,-0.00016620256912484293,0.023122635829057568
2014-08-19,108.56,0.46999999999999886,-3.0897114955833067e-05,0.004317331213289137
2014-08-20,109.71,1.1499999999999915,-7.448300895615317e-05,0.010518737330026819
2014-08-21,110.06,0.3500000000000085,-2.2359791167648455e-05,0.0031678689938110095
2014-08-22,109.39,-0.6700000000000017,4.2928241067524015e-05,-0.0060446603469753776
2014-08-25,109.2,-0.18999999999999773,1.2269553609143964e-05,-0.0017246350994669847
2014-08-26,109.68,0.480000000000004,-3.091480984231957e-05,0.004364689585762112
2014-08-27,109.09,-0.5900000000000034,3.803777019970011e-05,-0.0053412474230899
2014-08-28,109.11,0.01999999999999602,-1.2961519584503613e-06,0.00018203870916535587
2014-08-29,107.98,-1.1299999999999955,7.398539330271068e-05,-0.010282535548865702
2014-09-02,109.04,1.0600000000000023,-6.944678123360191e-05,0.009747185928527486
2014-09-03,109.2,0.1599999999999966,-1.0365420468040664e-05,0.001456986010199573
2014-09-04,109.22,0.01999999999999602,-1.2935422173536984e-06,0.00018185664093279302
2014-09-05,108.7,-0.519999999999996,3.3786799112339165e-05,-0.004727245978767134
2014-09-08,108.6,-0.10000000000000853,6.534555530262892e-06,-0.0009134286459417567
2014-09-09,108.67,0.07000000000000739,-4.575451645327242e-06,0.0006399917675075954
2014-09-10,108.5,-0.1700000000000017,1.1122052439239575e-05,-0.0015532471386898827
2014-09-11,108.51,0.010000000000005116,-6.552030653573533e-07,9.151069555220132e-05
2014-09-12,108.35,-0.1600000000000108,1.0497762080848013e-05,-0.0014640207154789234
2014-09-15,108.32,-0.030000000000001137,1.971782963775324e-06,-0.00027490869696240037
2014-09-16,108.54,0.22000000000001307,-1.443442985919608e-05,0.0020165847725042924
2014-09-17,108.03,-0.5100000000000051,3.355145858463113e-05,-0.0046651771207410105
2014-09-18,108.52,0.4899999999999949,-3.224165608291468e-05,0.004503535442871033
2014-09-19,108.45,-0.06999999999999318,4.58811316161099e-06,-0.0006404542753381419
2014-09-22,106.47,-1.980000000000004,0.000132276837176158,-0.01812498457361226
2014-09-23,105.42,-1.0499999999999972,7.216297935407073e-05,-0.00978976995950192
2014-09-24,106.07,0.6499999999999915,-4.4840784097545414e-05,0.006120972154623679
2014-09-25,104.49,-1.5799999999999983,0.0001099677175748891,-0.01478585579519968
2014-09-26,105.24,0.75,-5.261155245139685e-05,0.007125108803563532
2014-09-29,105.08,-0.1599999999999966,1.1160778816183346e-05,-0.001509173694767973
2014-09-30,105.6,0.519999999999996,-3.614887479639491e-05,0.004912461707616967
2014-10-01,103.84,-1.759999999999991,0.0001238110744330238,-0.01654285559223356
2014-10-02,103.24,-0.6000000000000085,4.3173175896832345e-05,-0.005734947009003096
2014-10-03,104.42,1.1800000000000068,-8.443562935660303e-05,0.011345242789860823
2014-10-06,104.22,-0.20000000000000284,1.4176553468665892e-05,-0.0019011653350584634
2014-10-07,101.42,-2.799999999999997,0.00020434253583882125,-0.026661901946985946
2014-10-08,102.63,1.2099999999999937,-8.967323914268068e-05,0.011840912444154437
2014-10-09,99.94,-2.6899999999999977,0.0002023084525778115,-0.026008351198596288
2014-10-10,99.94,0.0,-0.0,0.0
2014-10-13,99.31,-0.6299999999999955,4.8964761641491264e-05,-0.00625481750772008
2014-10-14,100.12,0.8100000000000023,-6.284151090984598e-05,0.00809343680950101
2014-10-15,99.17,-0.9500000000000028,7.380705442872107e-05,-0.009414806609174983
2014-10-16,99.23,0.060000000000002274,-4.7033074395394405e-06,0.0006003183725040148
2014-10-17,101.53,2.299999999999997,-0.0001761026457191566,0.0230023716060192
2014-10-20,101.48,-0.04999999999999716,3.743437459236087e-06,-0.0004887218437384115
2014-10-21,101.98,0.5,-3.726919055072199e-05,0.004889810036883255
2014-10-22,101.18,-0.7999999999999972,5.980751068728609e-05,-0.007784867915866913
2014-10-23,103.18,2.0,-0.00014777984928981828,0.019618972473303575
2014-10-24,103.82,0.6399999999999864,-4.6087043424831555e-05,0.006156665427984223
2014-10-27,104.19,0.37000000000000455,-2.6385788913470442e-05,0.003537474738923214
2014-10-28,106.27,2.0799999999999983,-0.0001449112286245029,0.019818616941065473
2014-10-29,105.85,-0.4200000000000017,2.8802034729672568e-05,-0.00392339519873228
2014-10-30,106.34,0.4900000000000091,-3.35802545530944e-05,0.0045956119986354654
2014-10-31,107.0,0.6599999999999966,-4.474442424821078e-05,0.006161763004753074
2014-11-03,106.3,-0.7000000000000028,4.7474064998835714e-05,-0.006494582009767546
2014-11-04,106.88,0.5799999999999983,-3.937981813820225e-05,0.005416876061447859
2014-11-05,107.93,1.0500000000000114,-7.021438546528498e-05,0.009753887410942007
2014-11-06,108.58,0.6499999999999915,-4.278551506498758e-05,0.005979636425081324
2014-11-07,109.08,0.5,-3.2564953322643044e-05,0.0045723346598657896
2014-11-10,109.0,-0.0799999999999983,5.190315789757918e-06,-0.0007282163582109599
2014-11-11,108.26,-0.7399999999999949,4.837406917335917e-05,-0.006740616756514667
2014-11-12,108.14,-0.12000000000000455,8.005889845506522e-06,-0.001100436748248014
2014-11-13,108.14,0.0,-0.0,0.0
2014-11-14,107.45,-0.6899999999999977,4.638088784903027e-05,-0.006334236829924206
2014-11-17,107.37,-0.0799999999999983,5.416058745250753e-06,-0.0007391162818782791
2014-11-18,108.8,1.4299999999999926,-9.561079761183301e-05,0.013222820794080376
2014-11-19,108.66,-0.14000000000000057,9.249370832362107e-06,-0.0012775153350499961
2014-11-20,108.82,0.1599999999999966,-1.0568766734696466e-05,0.0014619142076808804
2014-11-21,110.3,1.480000000000004,-9.630752755101901e-05,0.013504133567835896
2014-11-24,108.79,-1.509999999999991,9.828680332324812e-05,-0.013591649733394712
2014-11-25,111.71,2.9199999999999875,-0.00018766555827286083,0.02665303671215629
2014-11-26,110.16,-1.5499999999999972,9.837810921033351e-05,-0.013776834494853736
2014-11-28,110.08,-0.0799999999999983,5.152765650734342e-06,-0.0007210636468401724
2014-12-01,109.69,-0.39000000000000057,2.5227365643303335e-05,-0.003517650541333446
2014-12-02,109.68,-0.009999999999990905,6.492145939732124e-07,-9.051679871618183e-05
2014-12-03,110.99,1.309999999999988,-8.405097481305562e-05,0.01185978564079588
2014-12-04,111.21,0.21999999999999886,-1.392123423637091e-05,0.0019682393207685746
2014-12-05,111.29,0.0800000000000125,-5.048620844460578e-06,0.0007143111489605256
2014-12-08,113.05,1.759999999999991,-0.00010926189058356327,0.01570527670228184
2014-12-09,114.99,1.9399999999999977,-0.00011656115481340425,0.017043987275084854
2014-12-10,113.5,-1.4899999999999949,8.916883347093404e-05,-0.012868479657702167
2014-12-11,114.04,0.5400000000000063,-3.258542891369945e-05,0.004725123822187677
2014-12-12,112.15,-1.8900000000000006,0.0001154218603296281,-0.01645771037397413
2014-12-15,111.91,-0.2400000000000091,1.4935708203152482e-05,-0.0021250553751674143
2014-12-16,113.23,1.3200000000000074,-8.136287390628577e-05,0.011713829691548164
2014-12-17,113.9,0.6700000000000017,-4.057628885406914e-05,0.005876583474459555
2014-12-18,116.96,3.059999999999988,-0.00017940853298555927,0.026686263108805376
2014-12-19,115.59,-1.3699999999999903,7.914904808539943e-05,-0.011634257244664176
2014-12-22,117.14,1.5499999999999972,-8.941059129013964e-05,0.013320053895257115
2014-12-23,117.21,0.06999999999999318,-3.982088489124617e-06,0.0005935934621340032
2014-12-24,116.91,-0.29999999999999716,1.709966808226362e-05,-0.0025424089062714363
2014-12-26,117.24,0.3299999999999983,-1.880482178022992e-05,0.002803879294206412
2014-12-29,116.86,-0.37999999999999545,2.166330214979079e-05,-0.003219551300374906
2014-12-30,116.2,-0.6599999999999966,3.796248888186579e-05,-0.005609821183888942
2014-12-31,115.0,-1.2000000000000028,7.013907431991661e-05,-0.010256883300895255
2015-01-02,115.04,0.04000000000000625,-2.3615439371738944e-06,0.00034546454301940226
2015-01-05,113.12,-1.9200000000000017,0.00011523799976306345,-0.016574609009972693
2015-01-06,111.52,-1.6000000000000085,9.906279510957662e-05,-0.014045208774904644
2015-01-07,112.73,1.210000000000008,-7.517541855087072e-05,0.010774896317460678
2015-01-08,114.65,1.9200000000000017,-0.00011603003275828901,0.016915815970967443
2015-01-09,114.02,-0.6300000000000097,3.764161131951774e-05,-0.005457343124834076
2015-01-12,114.45,0.4300000000000068,-2.573678971542914e-05,0.0037455314088462865
2015-01-13,114.34,-0.10999999999999943,6.5654039557426394e-06,-0.0009545529883553053
2015-01-14,113.52,-0.8200000000000074,4.934305495567475e-05,-0.0071222504381351715
2015-01-15,113.52,0.0,-0.0,0.0
2015-01-16,116.15,2.6300000000000097,-0.0001557926282934294,0.023011931120825755
2015-01-20,117.53,1.3799999999999955,-7.895759078465604e-05,0.011802230528027185
2015-01-21,119.03,1.5,-8.374691957123244e-05,0.01267895196581973
2015-01-22,120.45,1.4200000000000017,-7.73584676863571e-05,0.011852407137623243
2015-01-23,119.98,-0.46999999999999886,2.5401826666487684e-05,-0.003876632212353843
2015-01-26,118.75,-1.230000000000004,6.742879331751717e-05,-0.010184279824785532
2015-01-27,119.16,0.4099999999999966,-2.263093493967421e-05,0.0034300006440076652
2015-01-28,116.92,-2.239999999999995,0.0001255773948823454,-0.01867267705291889
2015-01-29,116.45,-0.46999999999999886,2.6962012803872366e-05,-0.0039928806146336815
2015-01-30,114.78,-1.6700000000000017,9.758734668797829e-05,-0.014243331502603578
2015-02-02,116.58,1.7999999999999972,-0.00010506667436750718,0.015577107920509623
2015-02-03,118.89,2.3100000000000023,-0.00013017433090259305,0.019684545175016107
2015-02-04,117.79,-1.0999999999999943,6.13510060140283e-05,-0.009190898972958082
2015-02-05,120.11,2.319999999999993,-0.00012808053953285045,0.019567988736296955
2015-02-06,119.81,-0.29999999999999716,1.6282900603657044e-05,-0.002481427531500224
2015-02-09,119.32,-0.4900000000000091,2.677148854166728e-05,-0.00406303737549313
2015-02-10,119.4,0.0800000000000125,-4.3858640716209645e-06,0.0006660801097803109
2015-02-11,118.69,-0.710000000000008,3.961230638165871e-05,-0.005906786353584907
2015-02-12,119.59,0.9000000000000057,-5.013300659616334e-05,0.007532645660519901
2015-02-13,121.25,1.6599999999999966,-9.051524103378207e-05,0.013790244019773948
2015-02-17,121.32,0.06999999999999318,-3.762479379765268e-06,0.0005735571082490444
2015-02-18,121.99,0.6700000000000017,-3.5793849450618374e-05,0.0054867910499888945
2015-02-19,122.91,0.9200000000000017,-4.851394759327155e-05,0.007493087823043681
2015-02-20,124.11,1.2000000000000028,-6.219815311350059e-05,0.009701043243030042
2015-02-23,123.72,-0.39000000000000057,2.0082055243561595e-05,-0.0031222916455057783
2015-02-24,123.79,0.07000000000000739,-3.6137890956667233e-06,0.0005621799386767822
2015-02-25,123.37,-0.4200000000000017,2.174424837071493e-05,-0.0033710984691347518
2015-02-26,122.67,-0.7000000000000028,3.6571295695917065e-05,-0.005637417518440443
2015-02-27,121.91,-0.7600000000000051,4.0181498880954925e-05,-0.0061553023194935875
2015-03-02,123.19,1.2800000000000011,-6.738844274239135e-05,0.010432160404768078
2015-03-03,121.7,-1.4899999999999949,7.85797191578878e-05,-0.012016557873179111
2015-03-04,121.04,-0.6599999999999966,3.5425393225264464e-05,-0.005387746340546277
2015-03-05,120.79,-0.25,1.3519802573447261e-05,-0.0020519131121654816
2015-03-06,119.43,-1.3599999999999994,7.453920082881527e-05,-0.011184670998691007
2015-03-09,121.75,2.319999999999993,-0.00012615248796969816,0.01929945246890875
2015-03-10,117.4,-4.349999999999994,0.00024062593118965363,-0.035488326840884224
2015-03-11,118.34,0.9399999999999977,-5.3495645111778215e-05,0.00795331866493931
2015-03-12,121.24,2.8999999999999915,-0.00015981249898878013,0.024345849153875776
2015-03-13,118.74,-2.5,0.00013730529126469734,-0.020482952049546917
2015-03-16,120.07,1.3299999999999983,-7.37582022893246e-05,0.01112718503503591
2015-03-17,119.86,-0.20999999999999375,1.1537208681840534e-05,-0.001737442553123721
2015-03-18,120.31,0.45000000000000284,-2.4673272256707914e-05,0.003729706837871799
2015-03-19,119.38,-0.9300000000000068,5.119645434374808e-05,-0.007678834299542104
2015-03-20,119.46,0.0799999999999983,-4.4353320566904106e-06,0.000665693667775763
2015-03-23,118.68,-0.7799999999999869,4.349955278096023e-05,-0.0064858826672088855
2015-03-24,118.92,0.23999999999999488,-1.3445254923061555e-05,0.00200879943668458
2015-03-25,116.46,-2.460000000000008,0.00014044091753611577,-0.02054573466268595
2015-03-26,116.04,-0.4199999999999875,2.457282127142085e-05,-0.0035818156382854014
2015-03-27,116.9,0.8599999999999994,-5.0126393297725666e-05,0.007361111111011128
2015-03-30,118.83,1.9299999999999926,-0.00010985173943093777,0.016399985728490298
2015-03-31,117.2,-1.6299999999999955,9.25388574216602e-05,-0.013624535955336024
2015-04-01,115.92,-1.2800000000000011,7.449278700294196e-05,-0.010847008919481708
2015-04-02,117.13,1.2099999999999937,-7.04610469567878e-05,0.010367772217363378
2015-04-06,117.86,0.730000000000004,-4.180984114194749e-05,0.006190581518885407
2015-04-07,117.49,-0.37000000000000455,2.1126357316262316e-05,-0.0031181914774029347
2015-04-08,117.84,0.3500000000000085,-1.998778384004726e-05,0.002958989150367192
2015-04-09,117.88,0.03999999999999204,-2.2767606024207077e-06,0.00033716655236424627
2015-04-10,118.46,0.5799999999999983,-3.2840244016078256e-05,0.004887417645362937
2015-04-13,117.41,-1.0499999999999972,5.9690156845687784e-05,-0.008804061320446201
2015-04-14,117.69,0.28000000000000114,-1.60215163677234e-05,0.002368783866478722
2015-04-15,117.87,0.18000000000000682,-1.0259351180239725e-05,0.001519182402579696
2015-04-16,117.48,-0.39000000000000057,2.2268328687483004e-05,-0.003286461628044515
2015-04-17,115.11,-2.3700000000000045,0.00013856756700217758,-0.02003507901113882
2015-04-20,116.51,1.4000000000000057,-8.253573380813232e-05,0.012079743824874915
2015-04-21,116.95,0.4399999999999977,-2.553168545903267e-05,0.003750968185796634
2015-04-22,116.96,0.009999999999990905,-5.780330246605512e-07,8.492859373883586e-05
2015-04-23,117.26,0.30000000000001137,-1.729514640136234e-05,0.0025476843337628938
2015-04-24,116.16,-1.1000000000000085,6.385228292623936e-05,-0.009317010756473457
2015-04-27,115.74,-0.4200000000000017,2.4700141793447718e-05,-0.0035910023375454103
2015-04-28,116.08,0.3400000000000034,-2.0009133275223747e-05,0.002917609667485131
2015-04-29,115.38,-0.7000000000000028,4.132380878764091e-05,-0.005989000105754079
2015-04-30,113.75,-1.6299999999999955,9.819647585851335e-05,-0.014029035280078352
2015-05-01,115.44,1.6899999999999977,-0.00010175815370530158,0.014755384703437536
2015-05-04,116.45,1.0100000000000051,-5.9404015151479696e-05,0.008689729733982314
2015-05-05,115.07,-1.3800000000000097,8.142686563185292e-05,-0.01176915278228579
2015-05-06,115.08,0.010000000000005116,-5.970741527528266e-07,8.630654972840749e-05
2015-05-07,116.04,0.960000000000008,-5.6839977462034485e-05,0.008285182963101122
2015-05-08,118.43,2.3900000000000006,-0.00013750506284594848,0.020458841024710073
2015-05-11,117.7,-0.730000000000004,4.1407108596883336e-05,-0.006122571613010851
2015-05-12,117.36,-0.3400000000000034,1.9461333307465235e-05,-0.002869238751654331
2015-05-13,117.37,0.010000000000005116,-5.81090082177585e-07,8.462681721166287e-05
2015-05-14,119.14,1.769999999999996,-0.0001013162797704158,0.0149791983321406
2015-05-15,118.49,-0.6500000000000057,3.6854856958656424e-05,-0.005418911468372934
2015-05-18,118.51,0.020000000000010232,-1.1400239273690717e-06,0.00016765059131450984
2015-05-19,119.07,0.5599999999999881,-3.176518169403545e-05,0.0046935744520920425
2015-05-20,118.87,-0.19999999999998863,1.1310350090014431e-05,-0.0016683738692766493
2015-05-21,119.12,0.25,-1.4132003286791459e-05,0.0020890058784327342
2015-05-22,118.62,-0.5,2.8323574957021402e-05,-0.004169124376688378
2015-05-26,116.87,-1.75,0.00010104102739008991,-0.014651951722567759
2015-05-27,117.64,0.769999999999996,-4.482840984670515e-05,0.006543688745967413
2015-05-28,117.69,0.04999999999999716,-2.89065388533609e-06,0.00042213484764473154
2015-05-29,117.17,-0.519999999999996,3.0183390287080797e-05,-0.0043882038983525315
2015-06-01,117.0,-0.1700000000000017,9.92584063922957e-06,-0.0014409574912716838
2015-06-02,117.34,0.3400000000000034,-1.9822920533467036e-05,0.002886159985449468
2015-06-03,118.51,1.1700000000000017,-6.734501411711865e-05,0.00990367935949803
2015-06-04,117.14,-1.3700000000000045,7.899161949838024e-05,-0.011481214270299987
2015-06-05,117.0,-0.14000000000000057,8.176315152195616e-06,-0.001186974786094181
2015-06-08,116.18,-0.8199999999999932,4.828556160890361e-05,-0.006960261446938046
2015-06-09,116.3,0.11999999999999034,-7.108710494190322e-06,0.0010257713032774598
2015-06-10,117.5,1.2000000000000028,-7.028850938001958e-05,0.01024785422492783
2015-06-11,118.32,0.8199999999999932,-4.721048840386679e-05,0.006931512915851395
2015-06-12,117.6,-0.7199999999999989,4.141786252454883e-05,-0.0060437748352442046
2015-06-15,114.61,-2.989999999999995,0.00017756690402686543,-0.025247603164000303
2015-06-16,114.94,0.3299999999999983,-2.0051224665346597e-05,0.002859278676739402
2015-06-17,115.07,0.12999999999999545,-7.86739064380806e-06,0.0011231574919035685
2015-06-18,115.9,0.8300000000000125,-4.981420593996321e-05,0.00716318657619276
2015-06-19,114.89,-1.0100000000000051,6.0712256818590236e-05,-0.008653696716434258
2015-06-22,115.28,0.39000000000000057,-2.3569429924016558e-05,0.0033709818800246347
2015-06-23,115.23,-0.04999999999999716,3.0128058308912967e-06,-0.0004307137729338307
2015-06-24,113.97,-1.2600000000000051,7.679538173086606e-05,-0.010857857052531089
2015-06-25,113.3,-0.6700000000000017,4.153125100301306e-05,-0.005837208768300328
2015-06-26,113.52,0.21999999999999886,-1.3691185574491824e-05,0.001928056387241032
2015-06-29,111.53,-1.9899999999999949,0.0001258084061330244,-0.017404142263352483
2015-06-30,110.93,-0.5999999999999943,3.88178255313933e-05,-0.005340900635869076
2015-07-01,110.82,-0.11000000000001364,7.162195887728729e-06,-0.0009844541387378336
2015-07-02,109.56,-1.259999999999991,8.306556898505631e-05,-0.011286723277793422
2015-07-06,109.36,-0.20000000000000284,1.336103615106074e-05,-0.0018121227170435617
2015-07-07,110.09,0.730000000000004,-4.8533002003745034e-05,0.006626668168442524
2015-07-08,108.67,-1.4200000000000017,9.500609638536116e-05,-0.01280353146379269
2015-07-09,108.92,0.25,-1.69060978193458e-05,0.0022836368303116934
2015-07-10,110.18,1.2600000000000051,-8.403898780307469e-05,0.011484084405513167
2015-07-13,111.58,1.3999999999999915,-9.115060994115218e-05,0.012615329695014298
2015-07-14,111.51,-0.06999999999999318,4.503172003997517e-06,-0.0006228494001414872
2015-07-15,111.25,-0.2600000000000051,1.67756818457256e-05,-0.0023148537684278383
2015-07-16,111.26,0.010000000000005116,-6.466683314957966e-07,8.92409721179884e-05
2015-07-17,110.74,-0.5200000000000102,3.37816172810316e-05,-0.004639955574881562
2015-07-20,110.48,-0.2599999999999909,1.701005946183661e-05,-0.0023308317321219718
2015-07-21,102.71,-7.77000000000001,0.0005480816886201598,-0.06978138970891795
2015-07-22,101.55,-1.1599999999999966,8.901967426657075e-05,-0.011204914704080199
2015-07-23,101.14,-0.4099999999999966,3.1952264912813327e-05,-0.004005467725239788
2015-07-24,99.31,-1.8299999999999983,0.0001458330057511481,-0.017947898455589553
2015-07-27,98.87,-0.4399999999999977,3.58687158814564e-05,-0.00439470222360095
2015-07-28,98.97,0.09999999999999432,-8.179986070588959e-06,0.001003249163317439
2015-07-29,99.36,0.39000000000000057,-3.1744619252383285e-05,0.0039088434377345885
2015-07-30,100.73,1.3700000000000045,-0.00010956474162586155,0.01367868002487982
2015-07-31,100.31,-0.4200000000000017,3.3271079694823034e-05,-0.004136291116274617
2015-08-03,99.42,-0.8900000000000006,7.143197960832258e-05,-0.008801063285071178
2015-08-04,99.03,-0.39000000000000057,3.1706239637508775e-05,-0.0038910457217384772
2015-08-05,98.87,-0.1599999999999966,1.308004800817889e-05,-0.0016025919705720147
2015-08-06,98.98,0.10999999999999943,-8.997075606656429e-06,0.0011035749887202315
2015-08-07,98.29,-0.6899999999999977,5.676922622376984e-05,-0.0069143360475688925
2015-08-10,99.55,1.259999999999991,-0.00010307197890000992,0.012716136485847074
2015-08-11,98.61,-0.9399999999999977,7.664543598653917e-05,-0.00936584577446045
2015-08-12,98.69,0.0799999999999983,-6.675837740364898e-06,0.0008046009090398633
2015-08-13,98.38,-0.3100000000000023,2.592934939380359e-05,-0.0031152197031951343
2015-08-14,98.7,0.3200000000000074,-2.676306818759544e-05,0.003225930568730553
2015-08-17,99.36,0.6599999999999966,-5.4654395250699685e-05,0.006632275695934676
2015-08-18,99.41,0.04999999999999716,-4.110912574525941e-06,0.0004991096993417096
2015-08-19,98.21,-1.2000000000000028,9.981719337865973e-05,-0.011971403005796504
2015-08-20,95.82,-2.3900000000000006,0.00020625093050438375,-0.024129356441453673
2015-08-21,93.01,-2.809999999999988,0.0002560533146271113,-0.029069765929789382
2015-08-24,90.87,-2.1400000000000006,0.00020562385363862625,-0.022802654826073236
2015-08-25,88.8,-2.0700000000000074,0.00020832756839765136,-0.02257146774358658
2015-08-26,91.56,2.760000000000005,-0.00027567680414001503,0.030805404276941124
2015-08-27,93.27,1.7099999999999937,-0.00016261411608130342,0.018513663734508405
2015-08-28,93.24,-0.030000000000001137,2.8014760001363507e-06,-0.0003188453557785828
2015-08-31,91.61,-1.6299999999999955,0.0001549716830216164,-0.01732679579874582
2015-09-01,89.72,-1.8900000000000006,0.0001867409437413235,-0.02044419454365089
2015-09-02,91.24,1.519999999999996,-0.000150792221580484,0.016790803855102485
2015-09-03,91.91,0.6700000000000017,-6.488385620755175e-05,0.007278386639189223
2015-09-04,90.68,-1.2299999999999898,0.00011985074198367964,-0.013262806205029593
2015-09-08,92.82,2.1399999999999864,-0.00020647648152680463,0.023392994184551562
2015-09-09,91.85,-0.9699999999999989,9.239764510658263e-05,-0.010357936334639151
2015-09-10,91.4,-0.44999999999998863,4.353084029029293e-05,-0.004855761484151609
2015-09-11,92.33,0.9299999999999926,-8.949603819673611e-05,0.010085558666398368
2015-09-14,91.83,-0.5,4.789084254086694e-05,-0.005367467112619969
2015-09-15,92.68,0.8500000000000085,-8.110697600406857e-05,0.009175127370070292
2015-09-16,93.94,1.259999999999991,-0.00011752867968454491,0.01347763748345735
2015-09-17,93.31,-0.6299999999999955,5.836758135871752e-05,-0.0066480407643938425
2015-09-18,91.07,-2.240000000000009,0.00021406929830632636,-0.023791932202068867
2015-09-21,91.55,0.480000000000004,-4.675385712326599e-05,0.00522391705536168
2015-09-22,88.2,-3.3499999999999943,0.0003369207559411082,-0.03625510545924179
2015-09-23,86.96,-1.240000000000009,0.00013129357143427305,-0.013927663344665603
2015-09-24,86.82,-0.14000000000000057,1.5059086096469866e-05,-0.0015948765164794337
2015-09-25,87.3,0.480000000000004,-5.143006880506716e-05,0.005477249958838379
2015-09-28,86.83,-0.46999999999999886,5.03528093597229e-05,-0.005333381440353896
2015-09-29,87.98,1.1500000000000057,-0.000122251437601131,0.013122018975850507
2015-09-30,88.99,1.009999999999991,-0.00010476256003532589,0.011375119231280777
2015-10-01,88.36,-0.6299999999999955,6.506591307502173e-05,-0.007014381215815814
2015-10-02,89.77,1.4099999999999966,-0.00014435840450127484,0.015813088404009325
2015-10-05,92.26,2.490000000000009,-0.0002441544053585441,0.02749339711519408
2015-10-06,92.55,0.28999999999999204,-2.7581508664676873e-05,0.0031157091915303375
2015-10-07,93.51,0.960000000000008,-9.0083789298841e-05,0.010282687685579689
2015-10-08,94.33,0.8199999999999932,-7.549459404128875e-05,0.008693621008567983
2015-10-09,95.37,1.0400000000000063,-9.388184488594035e-05,0.010931242717819523
2015-10-12,95.43,0.060000000000002274,-5.353828276117161e-06,0.0006237748285342244
2015-10-13,94.28,-1.1500000000000057,0.00010380140593573712,-0.011946916397690016
2015-10-14,92.17,-2.1099999999999994,0.00019718922817877886,-0.022182955022987953
2015-10-15,93.18,1.0100000000000051,-9.550343084130314e-05,0.010862508937608355
2015-10-16,93.0,-0.18000000000000682,1.686851080289319e-05,-0.001914876498855905
2015-10-19,92.05,-0.9500000000000028,9.012115666502897e-05,-0.010124932606775862
2015-10-20,95.62,3.5700000000000074,-0.00032938633433168975,0.03845388362764558
2015-10-21,97.97,2.3499999999999943,-0.00020372105099569884,0.02437272739075283
2015-10-22,99.79,1.8200000000000074,-0.0001511823704293947,0.018425933073073792
2015-10-23,100.62,0.8299999999999983,-6.71300004243096e-05,0.008250336679603731
2015-10-26,100.23,-0.39000000000000057,3.14045414764514e-05,-0.003844564450771616
2015-10-27,98.88,-1.3500000000000085,0.00011062097285849584,-0.013358400278264007
2015-10-28,99.32,0.4399999999999977,-3.638458292855859e-05,0.004413453604773685
2015-10-29,99.05,-0.269999999999996,2.2288583387487858e-05,-0.0026961971193913688
2015-10-30,98.41,-0.6400000000000006,5.332073845660828e-05,-0.006408062401371767
2015-11-02,99.39,0.980000000000004,-8.136807590748139e-05,0.009876969491412953
2015-11-03,100.0,0.6099999999999994,-4.984218095442521e-05,0.006087596193127469
2015-11-04,100.33,0.3299999999999983,-2.671117673104799e-05,0.003273288823268935
2015-11-05,100.8,0.46999999999999886,-3.774126101368607e-05,0.004646799753637952
2015-11-06,100.8,0.0,-0.0,0.0
2015-11-09,99.66,-1.1400000000000006,9.215806119430851e-05,-0.011217365748329508
2015-11-10,98.68,-0.9799999999999898,8.209674428495717e-05,-0.009751336930208219
2015-11-11,98.26,-0.4200000000000017,3.5685622119619934e-05,-0.004220495974961872
2015-11-12,99.22,0.9599999999999937,-8.112321112135455e-05,0.00968887475346234
2015-11-13,96.48,-2.739999999999995,0.00023581092827862458,-0.027379589192664682
2015-11-16,97.83,1.3499999999999943,-0.00011783499907905581,0.01387470231435372
2015-11-17,97.55,-0.28000000000000114,2.41717774294002e-05,-0.002837935960483317
2015-11-18,97.71,0.1599999999999966,-1.382940764020735e-05,0.0016263551131183432
2015-11-19,98.3,0.5900000000000034,-5.060685669050921e-05,0.005987669675905985
2015-11-20,98.22,-0.0799999999999983,6.826316525309185e-06,-0.0008070088818470031
2015-11-23,98.09,-0.12999999999999545,1.111651275320178e-05,-0.0013124428437932803
2015-11-24,97.36,-0.730000000000004,6.297489367867549e-05,-0.007379170075227471
2015-11-25,97.27,-0.09000000000000341,7.829479853208115e-06,-0.0009165747929487989
2015-11-27,96.8,-0.46999999999999886,4.1123821682610176e-05,-0.004790787353397053
2015-11-30,96.05,-0.75,6.645664605758655e-05,-0.007681477238239935
2015-12-01,96.7,0.6500000000000057,-5.765532119880513e-05,0.006709653372190115
2015-12-02,95.25,-1.4500000000000028,0.00012969595350955783,-0.01486513341567351
2015-12-03,94.7,-0.5499999999999972,5.023398235739605e-05,-0.005724044232865671
2015-12-04,95.73,1.0300000000000011,-9.360284937994765e-05,0.01078284910415755
2015-12-07,95.91,0.1799999999999926,-1.6151409852587502e-05,0.0018641369010216693
2015-12-08,94.23,-1.6799999999999926,0.00015314614958177215,-0.017363275495710616
2015-12-09,94.16,-0.07000000000000739,6.49968458226662e-06,-0.0007363635224644
2015-12-10,93.87,-0.28999999999999204,2.7030533210702097e-05,-0.0030528335279616857
2015-12-11,93.3,-0.5700000000000074,5.361869956234127e-05,-0.006018608849175353
2015-12-14,93.03,-0.269999999999996,2.5627661677473423e-05,-0.0028682630135636413
2015-12-15,93.26,0.23000000000000398,-2.1840334546068654e-05,0.00245048042219911
2015-12-16,95.13,1.8699999999999903,-0.00017365151685678375,0.019877817494509186
2015-12-17,93.87,-1.259999999999991,0.00011624549016304001,-0.013128787622419646
2015-12-18,92.34,-1.5300000000000011,0.00014542016240181536,-0.016153716942104428
2015-12-21,93.61,1.269999999999996,-0.00012104350422533369,0.013632476097247442
2015-12-22,94.87,1.2600000000000051,-0.00011688782616751684,0.013343212590454692
2015-12-23,96.3,1.4299999999999926,-0.00012895278686630673,0.014944305355855234
2015-12-24,96.3,0.0,-0.0,0.0
2015-12-28,96.09,-0.20999999999999375,1.8696688687843727e-05,-0.002161988669567543
2015-12-29,97.27,1.1799999999999926,-0.00010400992438105525,0.012176144097889656
2015-12-30,96.9,-0.36999999999999034,3.23406626130103e-05,-0.0037715043050028053
2015-12-31,96.07,-0.8300000000000125,7.345416178701834e-05,-0.008492077313961304
2016-01-04,95.57,-0.5,4.486529319430294e-05,-0.005159673064253392
2016-01-05,95.72,0.15000000000000568,-1.3508802916350302e-05,0.0015560213843809783
2016-01-06,93.12,-2.5999999999999943,0.00024031317055128696,-0.02692224428870482
2016-01-07,91.9,-1.2199999999999989,0.00011744951684902883,-0.012983925053597693
2016-01-08,90.4,-1.5,0.0001487500771930972,-0.01617333915022801
2016-01-11,90.5,0.09999999999999432,-1.0070078890640763e-05,0.001096124611374783
2016-01-12,90.5,0.0,-0.0,0.0
2016-01-13,88.83,-1.6700000000000017,0.00017114259483984483,-0.018281896079193324
2016-01-14,89.01,0.18000000000000682,-1.87552960808492e-05,0.0020075871557935945
2016-01-15,85.63,-3.3800000000000097,0.0003653438809031618,-0.0376079175503968
2016-01-19,85.24,-0.39000000000000057,4.4019499926710014e-05,-0.004510459070667714
2016-01-20,84.83,-0.4099999999999966,4.671333040974583e-05,-0.004763235050631979
2016-01-21,85.57,0.7399999999999949,-8.398671663062197e-05,0.00863934229433242
2016-01-22,86.35,0.7800000000000011,-8.69682260126918e-05,0.009028375936661157
2016-01-25,84.9,-1.4499999999999886,0.00016294755662565167,-0.016629177515754066
2016-01-26,85.65,0.75,-8.497204852119666e-05,0.008748950212962901
2016-01-27,85.81,0.1599999999999966,-1.793513276792772e-05,0.00185013258468679
2016-01-28,86.45,0.6400000000000006,-7.107665108492897e-05,0.007387261537937336
2016-01-29,87.69,1.2399999999999949,-0.0001347586029746344,0.014208792582681755
2016-02-01,87.56,-0.12999999999999545,1.3948818133283582e-05,-0.001468546335247894
2016-02-02,85.42,-2.1400000000000006,0.00023572103316737685,-0.024204662703698778
2016-02-03,85.96,0.539999999999992,-6.058814672893346e-05,0.0062611163721190185
2016-02-04,88.12,2.160000000000011,-0.0002349268948518186,0.024893039601192983
2016-02-05,87.84,-0.28000000000000114,2.980170410220534e-05,-0.0031476835432877304
2016-02-08,86.78,-1.0600000000000023,0.00011456284098605496,-0.011952832423130546
2016-02-09,87.24,0.45999999999999375,-5.005787523918861e-05,0.005250702668664865
2016-02-10,86.96,-0.28000000000000114,3.0406940615173587e-05,-0.003179129969059301
2016-02-11,84.66,-2.299999999999997,0.0002573830383852916,-0.026191559003932986
2016-02-12,85.95,1.2900000000000063,-0.00014605466997091824,0.0150913655993417
2016-02-16,86.48,0.5300000000000011,-5.874409130453637e-05,0.00610763170857913
2016-02-17,88.12,1.6400000000000006,-0.00018014857149453324,0.018783773722677536
2016-02-18,88.36,0.23999999999999488,-2.580228631680851e-05,0.00269775649716021
2016-02-19,88.23,-0.12999999999999545,1.3958813665553323e-05,-0.001457295147402752
2016-02-22,92.37,4.140000000000001,-0.0004252362330861411,0.046497579135836
2016-02-23,91.6,-0.7700000000000102,7.618008483322992e-05,-0.008259859754941699
2016-02-24,93.61,2.010000000000005,-0.00019622551726007842,0.02174700592378801
2016-02-25,98.07,4.459999999999994,-0.00040668071856158526,0.047237801708529474
2016-02-26,97.69,-0.37999999999999545,3.320278060995808e-05,-0.0038415805374281318
2016-02-29,96.62,-1.0699999999999932,9.489509807896064e-05,-0.010858119540062027
2016-03-01,95.05,-1.5700000000000074,0.00014310593387832345,-0.016106117829317777
2016-03-02,95.53,0.480000000000004,-4.425134572082487e-05,0.005005722352332874
2016-03-03,96.11,0.5799999999999983,-5.288064973821879e-05,0.006018510536276628
2016-03-04,97.0,0.8900000000000006,-7.991473049854246e-05,0.009180307931035123
2016-03-07,96.92,-0.0799999999999983,7.123312402412048e-06,-0.0008176189556388074
2016-03-08,96.9,-0.01999999999999602,1.782665900500085e-06,-0.00020457309142508825
2016-03-09,96.6,-0.30000000000001137,2.6828568179582747e-05,-0.003069146664018677
2016-03-10,96.18,-0.4199999999999875,3.784116821836029e-05,-0.004309984918738032
2016-03-11,96.75,0.5699999999999932,-5.1276249647826413e-05,0.005875111772809994
2016-03-14,96.83,0.0799999999999983,-7.1483568650833495e-06,0.0008197250281478189
2016-03-15,96.29,-0.539999999999992,4.848191717939055e-05,-0.005528302137349083
2016-03-16,97.49,1.1999999999999886,-0.0001070082182897475,0.012355345089426407
2016-03-17,98.84,1.3500000000000085,-0.00011727841973401305,0.01373029569043122
2016-03-18,99.05,0.20999999999999375,-1.7955984514909467e-05,0.002106689907836302
2016-03-21,99.17,0.12000000000000455,-1.0226419334497998e-05,0.0012012829193833673
2016-03-22,98.66,-0.5100000000000051,4.363408726027212e-05,-0.005099050192259796
2016-03-23,99.11,0.45000000000000284,-3.8523973068555965e-05,0.00452259502145813
2016-03-24,99.06,-0.04999999999999716,4.263157214419384e-06,-0.0005002268034353351
2016-03-28,98.91,-0.15000000000000568,1.2815332469552458e-05,-0.0015014184652288693
2016-03-29,100.12,1.210000000000008,-0.00010228253227226975,0.012131060911262337
2016-03-30,100.25,0.12999999999999545,-1.0842146573371945e-05,0.001287599723182875
2016-03-31,100.1,-0.15000000000000568,1.2512668657413006e-05,-0.0014837466829635913
2016-04-01,99.97,-0.12999999999999545,1.0874686024322081e-05,-0.0012878266126769313
2016-04-04,100.27,0.29999999999999716,-2.505288193496034e-05,0.002975847388146036
2016-04-05,99.86,-0.4099999999999966,3.427665427884229e-05,-0.004054683154238127
2016-04-06,100.37,0.5100000000000051,-4.2594334219854936e-05,0.005064555675794216
2016-04-07,100.89,0.519999999999996,-4.2986139280039594e-05,0.005137844786295292
2016-04-08,101.32,0.4299999999999926,-3.521294079309114e-05,0.004226854657581303
2016-04-11,102.14,0.8200000000000074,-6.632846729350914e-05,0.008026841686674193
2016-04-12,103.08,0.9399999999999977,-7.473684052887602e-05,0.009128317790369867
2016-04-13,104.61,1.5300000000000011,-0.00011877388521273079,0.014724066627010797
2016-04-14,104.68,0.07000000000000739,-5.351040869909615e-06,0.0006638010478406094
2016-04-15,104.57,-0.11000000000001364,8.411995026453733e-06,-0.0010424095563684034
2016-04-18,105.13,0.5600000000000023,-4.2641394468033325e-05,0.005312623021712538
2016-04-19,105.0,-0.12999999999999545,9.858356811868447e-06,-0.0012267058969691214
2016-04-20,105.53,0.5300000000000011,-4.0039419878039774e-05,0.005007579627741019
2016-04-21,105.43,-0.09999999999999432,7.5237957890220505e-06,-0.00094007404368785
2016-04-22,105.7,0.269999999999996,-2.0281576707302835e-05,0.0025406593319524332
2016-04-25,105.2,-0.5,3.7640589921331327e-05,-0.004692728378858233
2016-04-26,104.8,-0.4000000000000057,3.0371071409807556e-05,-0.003771910297411539
2016-04-27,105.89,1.0900000000000034,-8.222188158513024e-05,0.010318541477193528
2016-04-28,104.23,-1.6599999999999966,0.00012590342543089653,-0.015550742150166387
2016-04-29,104.37,0.14000000000000057,-1.0773002447518422e-05,0.0013324103420790149
2016-05-02,104.37,0.0,-0.0,0.0
2016-05-03,102.13,-2.240000000000009,0.00017591227574344296,-0.021286193693404867
2016-05-04,100.67,-1.4599999999999937,0.00011887118697690037,-0.014176634541016772
2016-05-05,100.29,-0.37999999999999545,3.150670892672391e-05,-0.0037432027377802936
2016-05-06,101.12,0.8299999999999983,-6.851103747897974e-05,0.008207488563677649
2016-05-09,100.09,-1.0300000000000011,8.518960775338066e-05,-0.010100728113765618
2016-05-10,102.16,2.069999999999993,-0.0001694634001828975,0.0205119233517403
2016-05-11,101.6,-0.5600000000000023,4.5163810745994483e-05,-0.0054364336833808875
2016-05-12,101.46,-0.14000000000000057,1.1368852024962482e-05,-0.001366583903880555
2016-05-13,100.27,-1.1899999999999977,9.791703010628902e-05,-0.011630843072397139
2016-05-16,101.82,1.5499999999999972,-0.00012708805542162367,0.015331174635313364
2016-05-17,100.06,-1.759999999999991,0.00014460929892478596,-0.017140796318831954
2016-05-18,99.29,-0.769999999999996,6.582510431294972e-05,-0.007629557666024808
2016-05-19,98.51,-0.7800000000000011,6.77291480895463e-05,-0.007788046861579112
2016-05-20,99.1,0.5899999999999892,-5.132924522171846e-05,0.005937910425877553
2016-05-23,98.9,-0.19999999999998863,1.7331130389509374e-05,-0.0020008323408515468
2016-05-24,99.91,1.009999999999991,-8.681263996679417e-05,0.01012552305265192
2016-05-25,100.32,0.4099999999999966,-3.474195187295234e-05,0.004068951372118606
2016-05-26,100.41,0.09000000000000341,-7.588306408272748e-06,0.0008895408801946321
2016-05-27,100.76,0.3500000000000085,-2.9381215496368778e-05,0.0034563273792651943
2016-05-31,100.58,-0.18000000000000682,1.5084799949955437e-05,-0.0017713383838532085
2016-06-01,100.35,-0.23000000000000398,1.9353774117268398e-05,-0.0022673831517129564
2016-06-02,100.79,0.44000000000001194,-3.694746909478365e-05,0.004347706242913307
2016-06-03,100.43,-0.35999999999999943,3.020566718831988e-05,-0.0035415772477833977
2016-06-06,101.36,0.9299999999999926,-7.759249627830853e-05,0.00918258872447239
2016-06-07,101.45,0.09000000000000341,-7.433454650691774e-06,0.0008804907758150087
2016-06-08,102.07,0.6199999999999903,-5.085203806802803e-05,0.006060532880611028
2016-06-09,102.32,0.25,-2.0330506688383698e-05,0.002428968993654518
2016-06-10,102.0,-0.3199999999999932,2.6040907516025484e-05,-0.003101402407573822
2016-06-13,101.21,-0.7900000000000063,6.49935613162447e-05,-0.007680104477899503
2016-06-14,101.19,-0.01999999999999602,1.6585776735969953e-06,-0.00019595035425008664
2016-06-15,100.54,-0.6499999999999915,5.42629899165053e-05,-0.006369296650364071
2016-06-16,101.12,0.5799999999999983,-4.845280140575921e-05,0.005720395418208307
2016-06-17,101.2,0.0799999999999983,-6.639559293082882e-06,0.0007844996812132293
2016-06-20,101.7,0.5,-4.126058479084008e-05,0.004899450877659753
2016-06-21,101.57,-0.13000000000000966,1.0688672905549476e-05,-0.0012675807469568858
2016-06-22,101.35,-0.21999999999999886,1.815098991224202e-05,-0.0021478429059231313
2016-06-23,102.33,0.980000000000004,-8.02539077884702e-05,0.009589208351708364
2016-06-24,98.89,-3.4399999999999977,0.0002887153880213565,-0.03332801479862965
2016-06-27,97.21,-1.6800000000000068,0.00014842696315115983,-0.016840146198948212
2016-06-28,99.03,1.8200000000000074,-0.00016056855752317147,0.018561785109795084
2016-06-29,100.47,1.4399999999999977,-0.00012292101872097658,0.014418127148501055
2016-06-30,102.55,2.0799999999999983,-0.00017145813997637536,0.020531239182607464
2016-07-01,102.73,0.18000000000000682,-1.4511302397513855e-05,0.0017407300432875845
2016-07-05,100.62,-2.1099999999999994,0.0001733675030601981,-0.02036591021523046
2016-07-06,101.38,0.7599999999999909,-6.327670155608163e-05,0.007489893642311846
2016-07-07,101.97,0.5900000000000034,-4.847235783019434e-05,0.005771215943609966
2016-07-08,103.66,1.6899999999999977,-0.00013579066678604283,0.01643771134360915
2016-07-11,103.96,0.29999999999999716,-2.364343755137832e-05,0.0028704333519527425
2016-07-12,104.5,0.5400000000000063,-4.2216093070207395e-05,0.005152089409046052
2016-07-13,105.09,0.5900000000000034,-4.5629022936098536e-05,0.0056003039914180016
2016-07-14,105.14,0.04999999999999716,-3.8433282635436374e-06,0.0004719393342162085
2016-07-15,105.5,0.35999999999999943,-2.7564423165440286e-05,0.003396441663956487
2016-07-18,105.49,-0.010000000000005116,7.631380150872311e-07,-9.402359184278117e-05
2016-07-19,105.62,0.13000000000000966,-9.909522701114225e-06,0.0012224347753367062
2016-07-20,106.04,0.4200000000000017,-3.184932615348306e-05,0.003944670272407412
2016-07-21,105.85,-0.19000000000001194,1.4376721492293862e-05,-0.0017773999665500668
2016-07-22,105.13,-0.7199999999999989,5.495178570245154e-05,-0.006747126627145909
2016-07-25,104.65,-0.47999999999998977,3.705460434212104e-05,-0.004528721101926211
2016-07-26,107.89,3.239999999999995,-0.0002437201431345727,0.03071662386068764
2016-07-27,107.69,-0.20000000000000284,1.4619760755342284e-05,-0.0018391201595338675
2016-07-28,107.58,-0.10999999999999943,8.064038792913327e-06,-0.0010133864208597884
2016-07-29,107.65,0.07000000000000739,-5.1335678446670445e-06,0.0006455449969443959
2016-08-01,106.94,-0.710000000000008,5.238066103793261e-05,-0.006543067550759633
2016-08-02,106.27,-0.6700000000000017,5.007152082314058e-05,-0.006215123915870349
2016-08-03,106.29,0.020000000000010232,-1.5038126996486387e-06,0.00018669605556053987
2016-08-04,106.36,0.06999999999999318,-5.258890697353026e-06,0.0006533167043726739
2016-08-05,107.74,1.3799999999999955,-0.0001022799781571973,0.012872522579195148
2016-08-08,107.79,0.05000000000001137,-3.6566332269812494e-06,0.0004604235598304846
2016-08-09,108.34,0.5499999999999972,-4.000020585770403e-05,0.0050625139420224065
2016-08-10,108.12,-0.21999999999999886,1.595124746356574e-05,-0.0020146930205814668
2016-08-11,109.18,1.0600000000000023,-7.626470212720795e-05,0.009727656866500263
2016-08-12,108.87,-0.3100000000000023,2.2150178022069908e-05,-0.002817197687887458
2016-08-15,109.69,0.8199999999999932,-5.831837753576641e-05,0.007473600424705375
2016-08-16,109.16,-0.5300000000000011,3.759344678687032e-05,-0.0047942052586557515
2016-08-17,108.94,-0.21999999999999886,1.5919529671865915e-05,-0.001999470723167992
2016-08-18,109.33,0.39000000000000057,-2.8177102891268718e-05,0.0035517751644118392
2016-08-19,109.14,-0.18999999999999773,1.370215112805698e-05,-0.0017241557103920906
2016-08-22,108.5,-0.6400000000000006,4.650768649097975e-05,-0.005817520167641333
2016-08-23,108.0,-0.5,3.6717656999598586e-05,-0.004571577273875978
2016-08-24,107.96,-0.04000000000000625,2.952105064437073e-06,-0.00036741826530599115
2016-08-25,107.72,-0.23999999999999488,1.775867138650761e-05,-0.00220528690104768
2016-08-26,107.31,-0.4099999999999966,3.052149251327442e-05,-0.003775642636710608
2016-08-29,107.97,0.6599999999999966,-4.9018395230147726e-05,0.006101386972396323
2016-08-30,107.35,-0.6200000000000045,4.6030425472209336e-05,-0.005696305408555803
2016-08-31,106.43,-0.9199999999999875,6.929153245015735e-05,-0.008500806278448654
2016-09-01,106.72,0.28999999999999204,-2.1970835327635934e-05,0.0027028248049992642
2016-09-02,106.93,0.21000000000000796,-1.5835521169933544e-05,0.0019519305957716702
2016-09-06,106.01,-0.9200000000000017,6.9839299693866e-05,-0.008533920169117522
2016-09-07,105.85,-0.1600000000000108,1.2269891875320949e-05,-0.001497021684391171
2016-09-08,105.75,-0.09999999999999432,7.687536865854701e-06,-0.0009370455760296987
2016-09-09,102.68,-3.069999999999993,0.00024329354656796065,-0.02878743931395207
2016-09-12,104.03,1.3499999999999943,-0.00010875463117131573,0.013038888532054184
2016-09-13,102.32,-1.710000000000008,0.00013824054277088063,-0.016299325543934953
2016-09-14,101.66,-0.6599999999999966,5.459988758848746e-05,-0.006395751949784427
2016-09-15,102.71,1.0499999999999972,-8.65336284118082e-05,0.010242012505760897
2016-09-16,100.1,-2.6099999999999994,0.00021845005103409757,-0.0251929023002462
2016-09-19,100.44,0.3400000000000034,-2.9100240978705837e-05,0.003367503155624725
2016-09-20,100.24,-0.20000000000000284,1.7093881284731257e-05,-0.0019741446690936327
2016-09-21,101.96,1.7199999999999989,-0.00014481582141673388,0.017014003013379745
2016-09-22,103.0,1.0400000000000063,-8.52167049919055e-05,0.010114861757150172
2016-09-23,102.56,-0.4399999999999977,3.584230156108292e-05,-0.004236002358633069
2016-09-26,102.23,-0.3299999999999983,2.7084200289481147e-05,-0.003190544504858708
2016-09-27,102.35,0.11999999999999034,-9.869007706848843e-06,0.0011639547230961477
2016-09-28,102.35,0.0,-0.0,0.0
2016-09-29,101.06,-1.289999999999992,0.00010732008779057862,-0.012496490366532746
2016-09-30,101.6,0.539999999999992,-4.525631700617537e-05,0.005298104062966039
2016-10-03,102.43,0.8300000000000125,-6.863026274880996e-05,0.00810066107583399
2016-10-04,101.43,-1.0,8.282564977780436e-05,-0.009679939165217801
2016-10-05,102.25,0.8199999999999932,-6.8036593364568e-05,0.008016356584196244
2016-10-06,102.08,-0.1700000000000017,1.4015332104956187e-05,-0.0016485763549366254
2016-10-07,100.58,-1.5,0.00012571798636131526,-0.014568639380409846
2016-10-10,99.98,-0.5999999999999943,5.1343436878428405e-05,-0.005914057239200259
2016-10-11,98.77,-1.210000000000008,0.00010544005747850551,-0.011996980426618394
2016-10-12,98.93,0.1600000000000108,-1.4090466432749785e-05,0.0016058346120324805
2016-10-13,99.85,0.9199999999999875,-8.014384952413545e-05,0.009219360850768875
2016-10-14,100.16,0.3100000000000023,-2.6673361972595107e-05,0.003077983623505645
2016-10-17,99.71,-0.45000000000000284,3.87737612247653e-05,-0.004454037740372708
2016-10-18,99.99,0.28000000000000114,-2.4166913997984162e-05,0.0027839767024898424
2016-10-19,99.76,-0.22999999999998977,1.984144406539773e-05,-0.0022803885789368004
2016-10-20,99.29,-0.46999999999999886,4.083140805311739e-05,-0.004670475729075981
2016-10-21,98.67,-0.6200000000000045,5.445772574765688e-05,-0.006189877051168493
2016-10-24,99.52,0.8499999999999943,-7.448723957353432e-05,0.008540086592391544
2016-10-25,101.36,1.8400000000000034,-0.00015696372752734567,0.018331782253180082
2016-10-26,101.01,-0.3499999999999943,2.941680632800274e-05,-0.0034236218677050905
2016-10-27,100.07,-0.9400000000000119,8.002359034510303e-05,-0.00922598571566432
2016-10-28,101.84,1.7700000000000102,-0.00014945464792021304,0.017538164019013036
2016-10-31,102.2,0.35999999999999943,-2.9764025242712622e-05,0.0035051927697297876
2016-11-01,102.01,-0.18999999999999773,1.5682612348364177e-05,-0.0018434171919568972
2016-11-02,101.54,-0.46999999999999886,3.9045986623955965e-05,-0.0045683454455885605
2016-11-03,101.05,-0.4900000000000091,4.1094249461501854e-05,-0.004784590209864961
2016-11-04,101.33,0.28000000000000114,-2.3531094107348493e-05,0.002747374398223192
2016-11-07,103.05,1.7199999999999989,-0.00014174275117563343,0.01683249982259323
2016-11-08,103.37,0.3200000000000074,-2.5850319536957706e-05,0.0030794383752714596
2016-11-09,104.81,1.4399999999999977,-0.00011437305054169913,0.013816167725312007
2016-11-10,108.41,3.5999999999999943,-0.00027263956817856353,0.03407522800170975
2016-11-11,108.86,0.45000000000000284,-3.281204430093556e-05,0.004118096543467747
2016-11-14,107.86,-1.0,7.328746569964648e-05,-0.009112823135071986
2016-11-15,107.68,-0.1799999999999926,1.3336304168753424e-05,-0.0016554936606003232
2016-11-16,106.96,-0.7200000000000131,5.4511764097863825e-05,-0.006631966690582792
2016-11-17,106.7,-0.2599999999999909,1.9865601336756892e-05,-0.0024109496567035473
2016-11-18,106.5,-0.20000000000000284,1.5347235240011648e-05,-0.001859067010308281
2016-11-21,106.85,0.3499999999999943,-2.6819957886672486e-05,0.0032595650186390958
2016-11-22,106.94,0.09000000000000341,-6.868184999433134e-06,0.0008354341079346185
2016-11-23,108.11,1.1700000000000017,-8.82457901531999e-05,0.010852468629147358
2016-11-25,108.78,0.6700000000000017,-4.967913922806756e-05,0.006147712406419899
2016-11-28,108.45,-0.3299999999999983,2.439211790071035e-05,-0.0030092537728880217
2016-11-29,108.84,0.39000000000000057,-2.8811157001197266e-05,0.0035673160905783374
2016-11-30,107.72,-1.1200000000000045,8.330044593278123e-05,-0.010207033989936425
2016-12-01,107.48,-0.23999999999999488,1.8075962043420085e-05,-0.0022099225526241895
2016-12-02,108.22,0.7399999999999949,-5.5476712067035905e-05,0.00682952514874423
2016-12-05,107.42,-0.7999999999999972,6.00083231062129e-05,-0.007332340595762731
2016-12-06,107.43,0.010000000000005116,-7.556200231032249e-07,9.23369139557193e-05
2016-12-07,109.68,2.25,-0.0001665112887343534,0.020777359138520603
2016-12-08,108.43,-1.25,9.165312874016057e-05,-0.011305137535008928
2016-12-09,109.79,1.3599999999999994,-9.961869472921337e-05,0.0124430355522504
2016-12-12,110.39,0.5999999999999943,-4.3169091947356765e-05,0.005421809503553092
2016-12-13,110.31,-0.0799999999999983,5.728745782974632e-06,-0.0007189745787935114
2016-12-14,109.27,-1.0400000000000063,7.523703862701256e-05,-0.009352738666204882
2016-12-15,108.13,-1.1400000000000006,8.41340677290044e-05,-0.010348738632920768
2016-12-16,108.52,0.39000000000000057,-2.8981629520082993e-05,0.003577787999630019
2016-12-19,110.82,2.299999999999997,-0.00016676852461173025,0.021027481383239333
2016-12-20,110.65,-0.1699999999999875,1.2089087995625916e-05,-0.0015219300421251782
2016-12-21,110.49,-0.1600000000000108,1.1411947691198738e-05,-0.0014345889560594637
2016-12-22,110.46,-0.030000000000001137,2.1434207156962835e-06,-0.00026937436369919317
2016-12-23,110.65,0.19000000000001194,-1.3555368406893896e-05,0.001706524298440942
2016-12-27,110.98,0.3299999999999983,-2.3433220689096962e-05,0.0029589436432964273
2016-12-28,110.19,-0.7900000000000063,5.6331896055747234e-05,-0.007062067815604067
2016-12-29,110.55,0.35999999999999943,-2.577007914095821e-05,0.0032413140482753177
2016-12-30,109.62,-0.9299999999999926,6.691886793529991e-05,-0.008345564171413345
2017-01-03,110.83,1.2099999999999937,-8.684652003891792e-05,0.010951285207747925
2017-01-04,110.9,0.07000000000000739,-4.966190126364662e-06,0.000626631752668974
2017-01-05,111.35,0.44999999999998863,-3.177641712325026e-05,0.0040259332312084775
2017-01-06,112.55,1.2000000000000028,-8.349485346290943e-05,0.010693334962432941
2017-01-09,111.5,-1.0499999999999972,7.295971247943772e-05,-0.0092562273155081
2017-01-10,111.26,-0.23999999999999488,1.6869860844994718e-05,-0.002135596506867964
2017-01-11,111.0,-0.2600000000000051,1.835800547659131e-05,-0.0023185105906047055
2017-01-12,110.82,-0.18000000000000682,1.2759849793794833e-05,-0.0016088617718278883
2017-01-13,110.22,-0.5999999999999943,4.28338271067374e-05,-0.005371351338025859
2017-01-17,109.97,-0.25,1.7985377527082836e-05,-0.002250205513418299
2017-01-18,110.42,0.45000000000000284,-3.2315042201261465e-05,0.004059710055552697
2017-01-19,110.73,0.3100000000000023,-2.210868095910337e-05,0.0027853537352698614
2017-01-20,110.79,0.060000000000002274,-4.264808838874209e-06,0.0005375937660730943
2017-01-23,110.34,-0.45000000000000284,3.209912199079033e-05,-0.0040296393020547265
2017-01-24,111.61,1.269999999999996,-8.99252833021045e-05,0.011419953273884736
2017-01-25,110.96,-0.6500000000000057,4.576758343583298e-05,-0.0057780833259809365
2017-01-26,110.36,-0.5999999999999943,4.272551359695226e-05,-0.005364628487844959
2017-01-27,109.7,-0.6599999999999966,4.7537878647124346e-05,-0.005932889812545306
2017-01-30,109.17,-0.5300000000000011,3.859047402262893e-05,-0.004792767775749487
2017-01-31,109.67,0.5,-3.641606638338672e-05,0.00454359675765252
2017-02-01,108.18,-1.4899999999999949,0.00010951298818527951,-0.013476700196824247
2017-02-02,108.36,0.1799999999999926,-1.3389695884275923e-05,0.0016505038149309634
2017-02-03,109.65,1.2900000000000063,-9.467302619352682e-05,0.011810088878568437
2017-02-06,110.68,1.0300000000000011,-7.400713973856857e-05,0.009319517712062627
2017-02-07,111.25,0.5699999999999932,-4.036638583816031e-05,0.005109615544049743
2017-02-08,110.4,-0.8499999999999943,6.0348157368459856e-05,-0.007580101280833736
2017-02-09,110.09,-0.3100000000000023,2.2241236605824803e-05,-0.002785729777886949
2017-02-10,111.05,0.9599999999999937,-6.847294071055803e-05,0.008651665128142142
2017-02-13,112.02,0.9699999999999989,-6.799418687828842e-05,0.008666809955399955
2017-02-14,111.57,-0.45000000000000284,3.13966776326929e-05,-0.00398574311883225
2017-02-15,111.91,0.3400000000000034,-2.4045888256068313e-05,0.0030233682911828797
2017-02-16,112.07,0.1599999999999966,-1.1265227101672196e-05,0.001418455083862465
2017-02-17,112.15,0.0800000000000125,-5.620559808062128e-06,0.0007082190047499151
2017-02-21,112.5,0.3499999999999943,-2.4495960910146793e-05,0.0030963243690050944
2017-02-22,112.66,0.1599999999999966,-1.1147460692644247e-05,0.0014110747615295478
2017-02-23,112.09,-0.5699999999999932,3.985808930969371e-05,-0.005019612885304128
2017-02-24,112.46,0.36999999999999034,-2.5918807254716708e-05,0.0032750000971969767
2017-02-27,112.81,0.3500000000000085,-2.4361307982888852e-05,0.0030878563694135947
2017-02-28,112.55,-0.2600000000000051,1.80825004987375e-05,-0.0022866777157941895
2017-03-01,113.68,1.1300000000000097,-7.798788014353847e-05,0.009961994349976496
2017-03-02,112.69,-0.9900000000000091,6.824078077028597e-05,-0.008640415095373355
2017-03-03,112.34,-0.3499999999999943,2.4413299680872682e-05,-0.003081452349444998
2017-03-06,111.66,-0.6800000000000068,4.7869082774388586e-05,-0.006005184148487911
2017-03-07,112.28,0.6200000000000045,-4.3668663301068316e-05,0.005508901639403612
2017-03-08,111.75,-0.5300000000000011,3.7299599630870636e-05,-0.004683042402506653
2017-03-09,111.93,0.18000000000000682,-1.2707400150359183e-05,0.0015980308548832589
2017-03-10,112.14,0.20999999999999375,-1.4773740811511358e-05,0.0018613988670683577
2017-03-13,112.31,0.1700000000000017,-1.1919229409055685e-05,0.001504042960710453
2017-03-14,111.83,-0.480000000000004,3.374758668605152e-05,-0.00424013719650337
2017-03-15,113.08,1.25,-8.728590610422521e-05,0.011090394501657556
2017-03-16,112.34,-0.7399999999999949,5.1438670684920935e-05,-0.006492600947284613
2017-03-17,113.45,1.1099999999999994,-7.690636687155203e-05,0.009803812878277099
2017-03-20,113.51,0.060000000000002274,-4.114251752721091e-06,0.0005247530906889032
2017-03-21,112.16,-1.3500000000000085,9.363535913238638e-05,-0.011799589907364032
2017-03-22,111.93,-0.22999999999998977,1.6177878445701574e-05,-0.0020344640616397993
2017-03-23,111.84,-0.09000000000000341,6.348587119110644e-06,-0.0007977253876866019
2017-03-24,111.8,-0.04000000000000625,2.8248751987364162e-06,-0.00035482891593150546
2017-03-27,111.83,0.030000000000001137,-2.118845852365026e-06,0.0002662174689955879
2017-03-28,112.74,0.9099999999999966,-6.37357753320032e-05,0.008073615561518543
2017-03-29,112.06,-0.6799999999999926,4.752898068398157e-05,-0.0059840480993230485
2017-03-30,112.45,0.39000000000000057,-2.732956791386978e-05,0.003452948854359917
2017-03-31,112.21,-0.2400000000000091,1.6795713424296023e-05,-0.002117486189643815
2017-04-03,111.93,-0.2799999999999869,1.9686032672108113e-05,-0.0024756352399416246
2017-04-04,112.99,1.059999999999988,-7.401122443533111e-05,0.009396193367720374
2017-04-05,112.5,-0.4899999999999949,3.4039391295709095e-05,-0.004302627570382271
2017-04-06,112.41,-0.09000000000000341,6.284392121863473e-06,-0.0007937156078781668
2017-04-07,112.99,0.5799999999999983,-4.0323783417569064e-05,0.00511935951877973
2017-04-10,112.88,-0.10999999999999943,7.615771621016441e-06,-0.0009659217095720046
2017-04-11,113.14,0.2600000000000051,-1.7977049288832846e-05,0.0022853539216538066
2017-04-12,112.24,-0.9000000000000057,6.258307717497878e-05,-0.007892163254803153
2017-04-13,112.09,-0.14999999999999147,1.0528220405592088e-05,-0.0013258937325522793
2017-04-17,113.27,1.1799999999999926,-8.206887383078066e-05,0.01044518601063699
2017-04-18,113.56,0.29000000000000625,-1.9908381290493526e-05,0.0025403458784429424
2017-04-19,112.92,-0.6400000000000006,4.4071918575719976e-05,-0.005591715330455634
2017-04-20,113.94,1.019999999999996,-7.000536487032259e-05,0.008962938312069069
2017-04-21,114.99,1.0499999999999972,-7.076707515243704e-05,0.009144609438802251
2017-04-24,116.32,1.3299999999999983,-8.780422416008625e-05,0.011478418925679015
2017-04-25,116.87,0.5500000000000114,-3.572592550229696e-05,0.004692609700357499
2017-04-26,118.2,1.3299999999999983,-8.501770097504133e-05,0.011295148295431207
2017-04-27,118.78,0.5799999999999983,-3.6479210656164314e-05,0.00487045818359086
2017-04-28,118.99,0.20999999999999375,-1.3120299400808011e-05,0.0017548541070648742
2017-05-01,118.92,-0.06999999999999318,4.368284456855852e-06,-0.0005839164453523145
2017-05-02,119.32,0.3999999999999915,-2.4892589795573493e-05,0.0033387131956063056
2017-05-03,120.3,0.980000000000004,-6.028724528096009e-05,0.008152920934403955
2017-05-04,121.0,0.7000000000000028,-4.246442802198582e-05,0.005776321939392834
2017-05-05,121.35,0.3499999999999943,-2.1048498933021836e-05,0.0028715134845380057
2017-05-08,121.08,-0.269999999999996,1.6226685075790855e-05,-0.002208742412575598
2017-05-09,121.46,0.37999999999999545,-2.2816873986859995e-05,0.0031156040047709485
2017-05-10,121.02,-0.4399999999999977,2.6432636733051705e-05,-0.0035961591630364015
2017-05-11,121.28,0.2600000000000051,-1.564246699926265e-05,0.002132762755278089
2017-05-12,120.83,-0.45000000000000284,2.7116072495774675e-05,-0.003683306091092639
2017-05-15,120.92,0.09000000000000341,-5.43936035773667e-06,0.000739408773383912
2017-05-16,121.4,0.480000000000004,-2.887371387261312e-05,0.003940692941767512
2017-05-17,119.58,-1.8200000000000074,0.00011200929434424042,-0.01487975347336587
2017-05-18,119.37,-0.20999999999999375,1.3143936757775014e-05,-0.0017430025760369545
2017-05-19,121.16,1.789999999999992,-0.00011057539042886504,0.014884817086742887
2017-05-22,121.66,0.5,-3.030559650049031e-05,0.004096468916540118
2017-05-23,122.07,0.4099999999999966,-2.466533447234909e-05,0.003345382339372765
2017-05-24,122.08,0.010000000000005116,-5.995238212261945e-07,8.13206858945526e-05
2017-05-25,122.25,0.1700000000000017,-1.0176898475008965e-05,0.0013823525903847692
2017-05-26,121.85,-0.4000000000000057,2.3990842469362998e-05,-0.003247992797612483
2017-05-30,121.27,-0.5799999999999983,3.506783799147061e-05,-0.004724882921138594
2017-05-31,121.28,0.010000000000005116,-6.074595207531951e-07,8.185316553082688e-05
2017-06-01,121.79,0.5100000000000051,-3.0848160113038245e-05,0.004174296958620513
2017-06-02,122.12,0.3299999999999983,-1.982327577676676e-05,0.002689758791716445
2017-06-05,120.98,-1.1400000000000006,6.89389055744672e-05,-0.00926614134336101
2017-06-06,120.12,-0.8599999999999994,5.2872452605351274e-05,-0.00705574054127793
2017-06-07,119.78,-0.3400000000000034,2.1112477211191106e-05,-0.0028093903532916678
2017-06-08,119.94,0.1599999999999966,-9.950193773782313e-06,0.0013258320737165883
2017-06-09,120.64,0.7000000000000028,-4.322177279284013e-05,0.005793029686270048
2017-06-12,119.88,-0.7600000000000051,4.694998290990497e-05,-0.0062527847651007475
2017-06-13,120.06,0.18000000000000682,-1.1173451310367686e-05,0.0014903280501911908
2017-06-14,120.01,-0.04999999999999716,3.1003743740953306e-06,-0.0004133580630738237
2017-06-15,120.75,0.7399999999999949,-4.5623337646689376e-05,0.006120529482951552
2017-06-16,120.43,-0.3199999999999932,1.9660205887388364e-05,-0.0026304433137812923
2017-06-19,121.85,1.4199999999999875,-8.645458561963327e-05,0.011704627370703437
2017-06-20,121.51,-0.3399999999999892,2.0516405383077e-05,-0.002769799556865501
2017-06-21,121.75,0.23999999999999488,-1.44940635106342e-05,0.00196065201500138
2017-06-22,122.17,0.4200000000000017,-2.5227583695345253e-05,0.0034244644080911163
2017-06-23,122.22,0.04999999999999716,-2.9917345720322454e-06,0.00040627404262365534
2017-06-26,121.87,-0.3499999999999943,2.0993694007191634e-05,-0.002842694736691502
2017-06-27,121.59,-0.28000000000000114,1.6881975699046907e-05,-0.0022806481793842476
2017-06-28,122.5,0.9099999999999966,-5.458425085664987e-05,0.007429583855073086
2017-06-29,121.65,-0.8499999999999943,5.0960142386608926e-05,-0.006887815367817427
2017-06-30,122.11,0.45999999999999375,-2.7666511134948134e-05,0.0037536733984416546
2017-07-03,122.08,-0.030000000000001137,1.7979822993296265e-06,-0.00024388214217860941
2017-07-05,122.79,0.710000000000008,-4.23165972216864e-05,0.005773541856251511
2017-07-06,121.89,-0.9000000000000057,5.3724371315407826e-05,-0.007275862728611342
2017-07-07,122.61,0.7199999999999989,-4.3042593940583224e-05,0.00586392270263829
2017-07-10,123.06,0.45000000000000284,-2.664585250801604e-05,0.003643527869048161
2017-07-11,123.54,0.480000000000004,-2.820828213055117e-05,0.003872328041613996
2017-07-12,123.71,0.1699999999999875,-9.93794128451353e-06,0.0013661345858321085
2017-07-13,123.07,-0.6400000000000006,3.755630656991057e-05,-0.005135833071815027
2017-07-14,123.41,0.3400000000000034,-2.0000289091741656e-05,0.0027426551102745006
2017-07-17,123.11,-0.29999999999999716,1.7641580068425733e-05,-0.0024132797391115206
2017-07-18,122.63,-0.480000000000004,2.8406065677168855e-05,-0.003870546090930775
2017-07-19,123.08,0.45000000000000284,-2.6637177639919263e-05,0.003642937967104457
2017-07-20,122.45,-0.6299999999999955,3.734686755065191e-05,-0.0050812751668984505
2017-07-21,123.49,1.039999999999992,-6.14472806931101e-05,0.00843181527545219
2017-07-24,123.13,-0.35999999999999943,2.1152745281048664e-05,-0.002894063061666878
2017-07-25,120.42,-2.7099999999999937,0.00016329267275163944,-0.02184596583451705
2017-07-26,119.54,-0.8799999999999955,5.461736033762846e-05,-0.007253138826342287
2017-07-27,118.69,-0.8500000000000085,5.352435634539637e-05,-0.007057066240944285
2017-07-28,118.87,0.18000000000000682,-1.1398455854938668e-05,0.0015051572775683223
2017-07-31,118.57,-0.30000000000001137,1.901665296762559e-05,-0.0025047488050959008
2017-08-01,118.88,0.3100000000000023,-1.9648888427013935e-05,0.0025948404427697668
2017-08-02,120.35,1.4699999999999989,-9.17957031283141e-05,0.012273614794852833
2017-08-03,121.1,0.75,-4.597597359196344e-05,0.006185847873520625
2017-08-04,121.49,0.39000000000000057,-2.3683170461209465e-05,0.003196795772561091
2017-08-07,118.52,-2.969999999999999,0.00018428253741166508,-0.02426217396106557
2017-08-08,118.19,-0.3299999999999983,2.1047546295648756e-05,-0.0027632926494518904
2017-08-09,117.2,-0.9899999999999949,6.38538017140009e-05,-0.008312489374527601
2017-08-10,116.76,-0.4399999999999977,2.8727040556419535e-05,-0.0037255391710476564
2017-08-11,116.89,0.12999999999999545,-8.510044212460805e-06,0.001104884954074585
2017-08-14,117.15,0.2600000000000051,-1.6963427439129254e-05,0.00220735002965733
2017-08-15,115.96,-1.190000000000012,7.826297827163043e-05,-0.010079654221899192
2017-08-16,118.0,2.0400000000000063,-0.00013487323837432815,0.01745739995928009
2017-08-17,116.1,-1.9000000000000057,0.00012546575539841378,-0.015976229159855873
2017-08-18,115.48,-0.6199999999999903,4.183487988327188e-05,-0.005298389064991752
2017-08-21,115.28,-0.20000000000000284,1.3591114913613123e-05,-0.0017183105130739416
2017-08-22,115.69,0.4099999999999966,-2.7811210977258794e-05,0.003528746734893635
2017-08-23,117.03,1.3400000000000034,-8.953598260096e-05,0.011493141863366741
2017-08-24,115.3,-1.730000000000004,0.00011598596031697482,-0.014666548432573772
2017-08-25,115.07,-0.23000000000000398,1.5682751013362457e-05,-0.001979113432854842
2017-08-28,115.33,0.2600000000000051,-1.7723715684615524e-05,0.002241770505224441
2017-08-29,118.7,3.3700000000000045,-0.00022270128436599758,0.028997796417879772
2017-08-30,119.6,0.8999999999999915,-5.7351719414202866e-05,0.0075247881289429285
2017-08-31,119.72,0.12000000000000455,-7.581745288413674e-06,0.0009957627363169756
2017-09-01,117.92,-1.7999999999999972,0.0001153464301849824,-0.014919735427482886
2017-09-05,111.21,-6.710000000000008,0.00046288919217859825,-0.05644009588244833
2017-09-06,109.61,-1.5999999999999943,0.00011874403323028819,-0.014268451362867134
2017-09-07,109.98,0.37000000000000455,-2.7766661302907276e-05,0.00334783775435264
2017-09-08,109.55,-0.4300000000000068,3.228703690841187e-05,-0.0038775147452338576
2017-09-11,109.64,0.09000000000000341,-6.7787080917424835e-06,0.000814763966486107
2017-09-12,109.86,0.21999999999999886,-1.6523418059254408e-05,0.0019900435283106734
2017-09-13,110.28,0.4200000000000017,-3.136164035047604e-05,0.0037916858746686547
2017-09-14,113.14,2.8599999999999994,-0.00020736666021579266,0.025726619556686633
2017-09-15,113.08,-0.060000000000002274,4.242629505801937e-06,-0.0005260737926260901
2017-09-18,112.77,-0.3100000000000023,2.1992173111758464e-05,-0.002719429829010653
2017-09-19,113.65,0.8800000000000097,-6.211628636931219e-05,0.007741377550644164
2017-09-20,114.1,0.44999999999998863,-3.139375474304747e-05,0.00392813110227401
2017-09-21,114.5,0.4000000000000057,-2.7698400594259477e-05,0.00347799835663629
2017-09-22,115.01,0.5100000000000051,-3.503603227937361e-05,0.004419112439336392
2017-09-25,114.29,-0.7199999999999989,4.955351798763525e-05,-0.006210771671126345
2017-09-26,114.72,0.4299999999999926,-2.9669273794845696e-05,0.003732689637745907
2017-09-27,117.18,2.460000000000008,-0.00016554966525264791,0.021277964979098885
2017-09-28,115.84,-1.3400000000000034,8.930557841567191e-05,-0.011346092953757082
2017-09-29,116.08,0.23999999999999488,-1.6146601436087667e-05,0.0020556766029837573
2017-10-02,117.58,1.5,-9.942285626575377e-05,0.012822699817752164
2017-10-03,117.71,0.12999999999999545,-8.497327727424803e-06,0.0010971328814917917
2017-10-04,117.63,-0.0799999999999983,5.226902055026277e-06,-0.0006744094924738863
2017-10-05,118.17,0.5400000000000063,-3.514424833761438e-05,0.004555521398181184
2017-10-06,118.23,0.060000000000002274,-3.885099600546427e-06,0.0005038579823999805
2017-10-09,118.63,0.3999999999999915,-2.58002315207805e-05,0.003357435833775603
2017-10-10,118.12,-0.5099999999999909,3.292592914150651e-05,-0.00426615524762652
2017-10-11,117.75,-0.37000000000000455,2.406596062447204e-05,-0.0031083417603373
2017-10-12,118.82,1.0699999999999932,-6.918614706301289e-05,0.009017862685208692
2017-10-13,118.72,-0.09999999999999432,6.413164735898004e-06,-0.0008351959919716791
2017-10-16,119.01,0.29000000000000625,-1.8568485659744536e-05,0.002424153886307963
2017-10-17,119.36,0.3499999999999943,-2.2290079161669385e-05,0.0029186392545077224
2017-10-18,119.18,-0.1799999999999926,1.1447117632043626e-05,-0.0014965957778102538
2017-10-19,119.49,0.30999999999998806,-1.969303185640132e-05,0.002581414536527455
2017-10-20,120.93,1.440000000000012,-9.015352450685561e-05,0.011961064150612502
2017-10-23,120.89,-0.04000000000000625,2.4752632428296227e-06,-0.0003282946036223507
2017-10-24,119.74,-1.1500000000000057,7.187105844927743e-05,-0.009440909154967925
2017-10-25,118.99,-0.75,4.7620875645011735e-05,-0.006215950195008071
2017-10-26,119.93,0.9400000000000119,-5.959027466855249e-05,0.007840233239912606
2017-10-27,119.07,-0.8600000000000136,5.448213220918065e-05,-0.007116367530093943
2017-10-30,119.83,0.7600000000000051,-4.8187179978259555e-05,0.006334612853615468
2017-10-31,119.76,-0.06999999999999318,4.412721565946674e-06,-0.0005797481730346807
2017-11-01,120.12,0.35999999999999943,-2.2639207588730312e-05,0.0029833728164593613
2017-11-02,121.46,1.3399999999999892,-8.308871258731118e-05,0.011072422442923755
2017-11-03,121.07,-0.39000000000000057,2.399278264353462e-05,-0.003186940858061229
2017-11-06,120.39,-0.6799999999999926,4.2205377359503806e-05,-0.005574380069076381
2017-11-07,120.75,0.35999999999999943,-2.2403237282784976e-05,0.00296787834756645
2017-11-08,120.28,-0.46999999999999886,2.9275419764597986e-05,-0.00386306412474885
2017-11-09,118.37,-1.9099999999999966,0.00012136239323252867,-0.015758251840222712
2017-11-10,118.11,-0.2600000000000051,1.682406209794619e-05,-0.002179678430087617
2017-11-13,117.07,-1.0400000000000063,6.804353738905327e-05,-0.00873730740664622
2017-11-14,118.8,1.730000000000004,-0.00011253040345575362,0.014664953153390614
2017-11-15,117.57,-1.230000000000004,7.966691214361622e-05,-0.01027386844139177
2017-11-16,117.89,0.3200000000000074,-2.1147444106679043e-05,0.002700635323606236
2017-11-17,116.53,-1.3599999999999994,9.067876311160266e-05,-0.011445499029746143
2017-11-20,116.38,-0.15000000000000568,1.0131098856458779e-05,-0.0012770910756909168
2017-11-21,117.04,0.6600000000000108,-4.438259209560219e-05,0.005626694912630389
2017-11-22,116.73,-0.3100000000000023,2.078386383893998e-05,-0.002627883258512412
2017-11-24,116.91,0.1799999999999926,-1.208146923792282e-05,0.0015299385770226152
2017-11-27,117.12,0.21000000000000796,-1.404811209158478e-05,0.0017822054162636284
2017-11-28,117.71,0.5899999999999892,-3.9200263073089535e-05,0.004998368042937747
2017-11-29,118.16,0.45000000000000284,-2.963535030071677e-05,0.003793319368924522
2017-11-30,121.45,3.2900000000000063,-0.0002099951622711243,0.027633606733463528
2017-12-01,120.12,-1.3299999999999983,8.350648272032677e-05,-0.0108675021628128
2017-12-04,120.04,-0.0799999999999983,5.081946281757414e-06,-0.0006609187197188944
2017-12-05,120.29,0.25,-1.5858638170376925e-05,0.0020667804821228584
2017-12-06,121.2,0.9099999999999966,-5.717295520246364e-05,0.007507878171241934
2017-12-07,122.4,1.2000000000000028,-7.409324263417204e-05,0.009826896856375751
2017-12-08,122.81,0.4099999999999966,-2.498331713607141e-05,0.0033246898854782797
2017-12-11,123.3,0.4899999999999949,-2.9640168309555875e-05,0.0039602629340436315
2017-12-12,123.48,0.18000000000000682,-1.0829145802632672e-05,0.0014490248687959628
2017-12-13,124.3,0.8199999999999932,-4.893589056587368e-05,0.006591815648144793
2017-12-14,123.76,-0.539999999999992,3.2153164604781684e-05,-0.004312175073528702
2017-12-15,126.17,2.4099999999999966,-0.00014137155408346184,0.019331802330855102
2017-12-18,126.71,0.539999999999992,-3.093913441062124e-05,0.004249000629400047
2017-12-19,126.78,0.07000000000000739,-3.991331457835544e-06,0.0005484512539735226
2017-12-20,127.0,0.21999999999999886,-1.2515540380753661e-05,0.001722773937454858
2017-12-21,127.31,0.3100000000000023,-1.756211627081906e-05,0.0024233827656189627
2017-12-22,127.23,-0.0799999999999983,4.5239660282879965e-06,-0.0006238634348043119
2017-12-26,127.14,-0.09000000000000341,5.096266945446659e-06,-0.000702284067881272
2017-12-27,127.58,0.4399999999999977,-2.4846731386529742e-05,0.003435905195623048
2017-12-28,128.12,0.5400000000000063,-3.026046695181116e-05,0.004202377877616352
