Date,Rendement,Rentabilite
2013-09-04,-0.00015890842372931298,0.01657658386055678
2013-09-05,2.8502169716925344e-05,-0.0029642297670081827
2013-09-06,6.165599756571381e-05,-0.006370591000718959
2013-09-09,8.977879636825192e-05,-0.009189461600697066
2013-09-10,-0.00011659413561510857,0.012081184126201539
2013-09-11,-1.0273685600068454e-05,0.001065689301273275
2013-09-12,-0.00016737363504251972,0.017674414843031387
2013-09-13,-8.053194728393404e-05,0.008578390967182731
2013-09-16,-0.00010398027370110197,0.011202552389615464
2013-09-17,-5.1123099361382415e-05,0.0055389390124399255
2013-09-18,-2.815687943754245e-05,0.003060169247801465
2013-09-19,3.946838771375045e-05,-0.004270876439872473
2013-09-20,0.00013989883095857529,-0.014908544788913552
2013-09-23,-3.8944780660892516e-05,0.004167836299288887
2013-09-24,0.00013924619885593794,-0.014679119404195239
2013-09-25,6.505445765452611e-05,-0.006810342199845005
2013-09-26,-0.00014390376496515057,0.015299700452736445
2013-09-27,0.0001328313046225568,-0.013922129886902548
2013-09-30,6.580665589112173e-05,-0.006849086961130215
2013-10-01,-6.379540920117626e-05,0.006684999448859988
2013-10-02,4.0405468872604015e-05,-0.00421581925979313
2013-10-03,-4.442710658489659e-05,0.00465743226507569
2013-10-04,-1.805510408605154e-05,0.001896431175429018
2013-10-07,-3.7890647349967256e-05,0.0039960796286584764
2013-10-08,0.00026238918447019517,-0.02595879922745626
2013-10-09,-3.248948610598025e-05,0.0032248395041221565
2013-10-10,-0.00014048270752866913,0.014145231578185542
2013-10-11,-4.8030825891094154e-05,0.00486020647671249
2013-10-14,5.853476685136585e-05,-0.005887525967911877
2013-10-15,0.00010413868305923852,-0.010363710067207842
2013-10-16,-0.00019581041059163067,0.01988190979666225
2013-10-17,-0.00032907619369565146,0.03459155872693924
2013-10-18,-0.00020916087896181594,0.02249022562410566
2013-10-21,-0.00010383944762026627,0.011293881008288558
2013-10-22,-9.976349869550179e-05,0.010971806291735543
2013-10-23,5.6738491752610994e-05,-0.006200594320136327
2013-10-24,7.193590014449912e-05,-0.007798981061681526
2013-10-25,-5.226665890108458e-05,0.005699419180051695
2013-10-28,2.515733683258975e-05,-0.002735639350211397
2013-10-29,-9.274653222687231e-05,0.010190029817387584
2013-10-30,9.995994745844965e-05,-0.010861089181529653
2013-10-31,3.610991964570641e-06,-0.00039219348062603153
2013-11-01,3.613852722711221e-06,-0.00039234734308002134
2013-11-04,-0.00010541901292508373,0.01158006326079241
2013-11-05,0.0001764658426650343,-0.019009125386778913
2013-11-06,-9.268710253475491e-05,0.01008695361602808
2013-11-07,7.985377122786987e-05,-0.00861408023390941
2013-11-08,-5.489042957953638e-06,0.0005924778695395775
2013-11-11,4.409692317062068e-05,-0.004736779570853323
2013-11-12,-3.677674015093517e-05,0.0039664258218986195
2013-11-13,3.1241469238839714e-05,-0.0033579132357052315
2013-11-14,-5.134394120755821e-05,0.005549776282837274
2013-11-15,-7.288194965402415e-06,0.0007884150077399715
2013-11-18,-8.120070055646803e-05,0.008863343127708204
2013-11-19,-3.5755172596355423e-06,0.0003904355150493307
2013-11-20,6.842007670401557e-05,-0.007414841049723762
2013-11-21,3.629647829160691e-06,-0.0003931957489961572
2013-11-22,2.9141258556708773e-05,-0.0031467221793155357
2013-11-25,3.8530879733835955e-05,-0.004143070076060685
2013-11-26,-7.364143590631054e-06,0.0007924758884029531
2013-11-27,2.2127828217552117e-05,-0.0023754745693847943
2013-11-29,5.7658927634932094e-05,-0.006151033241401765
2013-12-02,6.786948073110213e-05,-0.007187269576100809
2013-12-03,-6.412480037624835e-05,0.006838027046964463
2013-12-04,4.328189084242778e-05,-0.004593814883351201
2013-12-05,8.778498408441572e-05,-0.009229614246217405
2013-12-06,-0.0001085352210212791,0.011545523253728268
2013-12-09,-1.690896762733495e-05,0.0018020077664066872
2013-12-10,9.855271796676032e-05,-0.010391663138398038
2013-12-11,0.00010849757319442763,-0.011308423935470102
2013-12-12,7.108167416621705e-05,-0.0073531295033961545
2013-12-13,5.803822988043247e-05,-0.005967309785910117
2013-12-16,-8.382894392021509e-05,0.008695435270126494
2013-12-17,0.00014053745013818043,-0.014364228401498699
2013-12-18,-0.00018190712908539686,0.018951818690931353
2013-12-19,7.852278520761876e-06,-0.0008174004551289008
2013-12-20,6.926475611765192e-05,-0.007157660703308353
2013-12-23,-9.864412570657734e-05,0.010300690316889098
2013-12-24,-7.74652440011796e-05,0.008156375842865816
2013-12-26,-3.826008086190907e-05,0.004045039224977267
2013-12-27,1.9056119184623811e-06,-0.00020142907697942317
2013-12-30,3.8135501180066428e-06,-0.00040293853448649053
2013-12-31,1.9079391463402518e-06,-0.00020155086044670168
2014-01-02,2.6792916869326396e-05,-0.002822209932133534
2014-01-03,0.00011264977315690681,-0.01172408492072061
2014-01-06,-5.277428980197946e-05,0.0055234338886365995
2014-01-07,-0.00011710254514681451,0.012411137339839826
2014-01-08,0.00015951983706150637,-0.016067660690321804
2014-01-09,0.00020695599913506034,-0.020411600701895866
2014-01-10,-5.2551654230630505e-05,0.005210606240506212
2014-01-13,0.00015286128638635426,-0.014925672745027234
2014-01-14,-1.0766435418655016e-05,0.0010523847446790944
2014-01-15,-0.00024965862635585595,0.02502646711705971
2014-01-16,-5.291747655866904e-05,0.005333450868168864
2014-01-17,3.6574559448544625e-05,-0.00367247139150962
2014-01-21,0.00013437295487125724,-0.013309267169223853
2014-01-22,7.813762538540826e-05,-0.007678675791805463
2014-01-23,-0.00011155268787163492,0.011086419000275441
2014-01-24,4.8104746291254996e-05,-0.004757578496500155
2014-01-27,-1.2593797756339274e-05,0.0012471164688822322
2014-01-28,6.966077342144566e-05,-0.006850028888981538
2014-01-29,-6.966077342144566e-05,0.006898244631983924
2014-01-30,1.2593797756339273e-05,-0.0012455315954077448
2014-01-31,-8.12971344752009e-05,0.008106819598676186
2014-02-03,0.00034443360732582326,-0.03318326318567722
2014-02-04,-8.996099436924158e-05,0.008744341957580849
2014-02-05,2.8353157950360237e-05,-0.0027482380423914285
2014-02-06,2.1875533175723037e-06,-0.00021199107165561278
2014-02-07,-2.8365290262062623e-05,0.0027565533044252247
2014-02-10,-2.1712473138956455e-05,0.0021145831901807255
2014-02-11,-6.458552431484583e-05,0.006330639374427518
2014-02-12,-3.411111894289561e-05,0.0033550013572273348
2014-02-13,1.2764631620910014e-05,-0.001253859814230793
2014-02-14,0.00017334210560669632,-0.01673640213451176
2014-02-18,0.00011816093841382059,-0.011277237900545568
2014-02-19,-0.00012256713603699598,0.011839155352001375
2014-02-20,-0.0003385726099455837,0.03383292964666298
2014-02-21,0.00017816445881817356,-0.017486008442262342
2014-02-24,0.00022690141895799387,-0.021774367885040443
2014-02-25,-1.3367603163349008e-05,0.0012844909302565577
2014-02-26,-1.3332994482019946e-05,0.0012828432854921057
2014-02-27,-0.0002490392848275723,0.024562179701148667
2014-02-28,-1.6876613632703172e-05,0.0016673339126830505
2014-03-03,5.718732029153978e-05,-0.0056174658953451985
2014-03-04,-0.00012413004660080226,0.012346806330486416
2014-03-05,0.00010924111948958136,-0.010746708776126202
2014-03-06,-1.696213693653236e-05,0.001671514013337809
2014-03-07,6.604890638823102e-05,-0.006465767359941358
2014-03-10,2.580108315640959e-05,-0.0025192678457936954
2014-03-11,7.163667975948635e-05,-0.006945161108886023
2014-03-12,7.487416246307915e-05,-0.007205639756166543
2014-03-13,7.372977455358372e-05,-0.007044475574885551
2014-03-14,-1.1239058384311753e-05,0.001075009040681453
2014-03-17,-5.138708149811223e-05,0.004939932362946419
2014-03-18,-8.597779713423891e-05,0.008335529436724552
2014-03-19,7.487416246307915e-05,-0.007205639756166543
2014-03-20,-0.00018516328039746712,0.01814960807421861
2014-03-21,6.458552431484583e-05,-0.006290000368504562
2014-03-24,-2.162009929024939e-05,0.002110121533623872
2014-03-25,-4.510414233760559e-05,0.0044220305098640715
2014-03-26,4.510414233760559e-05,-0.004402163964396847
2014-03-27,-0.00014461212481438405,0.014320395320410031
2014-03-28,5.6923062887076254e-05,-0.005604641206351675
2014-03-31,-3.170369828188494e-05,0.003131518570802859
2014-04-01,-3.778151302685643e-05,0.0037461159013099043
2014-04-02,-1.4615997517093027e-05,0.0014513525888703476
2014-04-03,-6.215834355550255e-05,0.006211367377899896
2014-04-04,1.649965022938717e-05,-0.0016460107404605193
2014-04-07,-1.6499650229387158e-05,0.0016487792839920594
2014-04-08,-1.9126495784530037e-05,0.0018511976937417255
2014-04-09,4.9021445219040383e-05,-0.00472177299576839
2014-04-10,0.00011039422388007464,-0.010519034704840186
2014-04-11,8.825761984471991e-05,-0.008338116932504101
2014-04-14,-4.431551950527748e-05,0.004204675345164424
2014-04-15,7.780008803172272e-05,-0.007326473235429276
2014-04-16,-4.015588893095009e-05,0.0037961612466189155
2014-04-17,-0.00010995064826331585,0.010505760604390612
2014-04-21,-8.202987505697386e-05,0.007901163402253854
2014-04-22,1.2865594146093344e-05,-0.0012376554562914884
2014-04-23,0.00010628740301268863,-0.010119088223030757
2014-04-24,0.0002582896568016869,-0.023987967986040366
2014-04-25,7.884065536362005e-05,-0.007267745342907844
2014-04-28,-0.00015199268176916756,0.014214572403124253
2014-04-29,-3.8454864426200746e-05,0.003609613805101733
2014-04-30,9.023031846332334e-06,-0.0008462260594516418
2014-05-01,-0.00010947878427145305,0.010376290528803702
2014-05-02,2.215768506377574e-05,-0.0020955890324288423
2014-05-05,-5.9611139470795883e-05,0.005670439794315349
2014-05-06,-1.753233241650514e-05,0.001670587524093271
2014-05-07,-0.00013602912082314613,0.01313551079912635
2014-05-08,-8.243715518287658e-05,0.008025670952925243
2014-05-09,2.0972048554510374e-06,-0.00020413088341027623
2014-05-12,6.75704076018398e-05,-0.006533089658404767
2014-05-13,6.632067279039402e-05,-0.006370556403621466
2014-05-14,-3.433697121256036e-05,0.00330944568291485
2014-05-15,1.0705692716071697e-05,-0.0010307440052634567
2014-05-16,-0.00023253235830506642,0.022911754547449717
2014-05-19,-1.6353324578095376e-05,0.0016139707023222164
2014-05-20,0.00010309065224141281,-0.010069849327412709
2014-05-21,-0.00010717066869985945,0.010581421314856218
2014-05-22,-5.6773697170004005e-05,0.005637755487292089
2014-05-23,-5.812749009536963e-05,0.005806382115566898
2014-05-27,2.397034887392023e-05,-0.0023885748863493317
2014-05-28,-2.3970348873920244e-05,0.0023944093367368126
2014-05-29,3.987023032730165e-06,-0.00039810384950452604
2014-05-30,-4.763359302993656e-05,0.004779397782674046
2014-06-02,-1.7744822018843617e-05,0.00178369633090342
2014-06-03,0.0001518820121563334,-0.015032933172658813
2014-06-04,2.849058358353684e-05,-0.0028118421411070815
2014-06-05,-2.646091031253362e-05,0.0026185034843975896
2014-06-06,-2.834067861976479e-05,0.0028125684122893373
2014-06-09,-3.018736798716081e-05,0.0030050210496574887
2014-06-10,1.0042136011883518e-05,-0.0009986324655615916
2014-06-11,3.024845141436784e-05,-0.0029988307085211264
2014-06-12,6.719794638839212e-05,-0.006617023240567215
2014-06-13,-2.8618357169537523e-05,0.002826194040872888
2014-06-16,-2.642868016154917e-05,0.0026169222755115405
2014-06-17,2.0317360298016064e-05,-0.002007668849395787
2014-06-18,-4.2571488794411985e-05,0.004224853831262504
2014-06-19,-1.0082796517239345e-05,0.001001653342697596
2014-06-20,1.6142273460440926e-05,-0.001600999428581166
2014-06-23,-6.824598108534263e-05,0.006815738631184272
2014-06-24,9.052718276190587e-05,-0.008958336682108308
2014-06-25,-2.6321670549705637e-05,0.002611665342437215
2014-06-26,4.055248072435283e-05,-0.004007211129880702
2014-06-27,-2.2344564880873236e-05,0.0022129734599108243
2014-06-30,7.967498183624735e-05,-0.00782786759723919
2014-07-01,-8.979868631069549e-05,0.008902639490676791
2014-07-02,-5.8315473361717784e-05,0.00581569708487201
2014-07-03,-9.985623234998377e-06,0.000996860933349864
2014-07-07,-7.97404703276328e-06,0.0007966930219674207
2014-07-08,0.00020782579697606766,-0.019691671690461158
2014-07-09,-2.990036718800093e-05,0.002841305539292733
2014-07-10,-0.00015524303686893104,0.014977681298509434
2014-07-11,-0.0001386301041433656,0.01356000003284293
2014-07-14,-4.2058173293445575e-05,0.004131232764703391
2014-07-15,-3.5772610870656694e-05,0.0035264676424442
2014-07-16,-4.92649471070526e-05,0.004880729136900046
2014-07-17,0.00012709573127115482,-0.0124317739704557
2014-07-18,-8.574579249379797e-05,0.008459564223404447
2014-07-21,9.895711844153184e-06,-0.0009753259630326381
2014-07-22,-5.516597305038123e-05,0.00546751647270887
2014-07-23,1.3734604368760555e-05,-0.0013593528809195934
2014-07-24,-2.743154282935997e-05,0.0027225193509046917
2014-07-25,-4.474094111486361e-05,0.00446064593449736
2014-07-28,-5.7758105869659425e-05,0.00579247590349066
2014-07-29,-7.408863516827053e-05,0.007486981547072919
2014-07-30,3.975514596043255e-05,-0.004001037619096347
2014-07-31,0.00026147413287011073,-0.02562724302323492
2014-08-01,0.00011958572069275336,-0.011582119951659555
2014-08-04,-7.734344816802924e-05,0.007548584707561502
2014-08-05,0.00011232768150884402,-0.01084166554693179
2014-08-06,0.00011062249064397772,-0.010561951009154533
2014-08-07,0.00010226632996499528,-0.009667731634618842
2014-08-08,-1.0746801829185068e-05,0.0010170024273589806
2014-08-11,6.4454313826566105e-06,-0.0006095709957220896
2014-08-12,-3.641941469902579e-05,0.003456492029722624
2014-08-13,-1.7050963526540615e-05,0.0016209506744750623
2014-08-14,-1.6995286910943756e-05,0.0016183276893768383
2014-08-15,4.259269650017409e-05,-0.004039039956561108
2014-08-18,4.278479148233059e-06,-0.0004055575864254559
2014-08-19,1.714905810544642e-05,-0.0016228673420585202
2014-08-20,-2.570251088847837e-05,0.00243836319753036
2014-08-21,-1.0672125709952012e-05,0.0010134982962482037
2014-08-22,4.927345014258739e-05,-0.004657090372243271
2014-08-25,-0.00010863609087697956,0.010376561277544032
2014-08-26,-2.1037362238504575e-05,0.0020135506336923484
2014-08-27,-3.76527500959027e-05,0.0036171695849294724
2014-08-28,4.1700913945074126e-06,-0.0004004424920569012
2014-08-29,-8.481766682907778e-05,0.008213097734911537
2014-09-02,1.0268799693282894e-05,-0.0009933442071312286
2014-09-03,-2.2564184474391298e-05,0.00218760258265439
2014-09-04,3.285363742530492e-05,-0.003174844838917993
2014-09-05,-4.511947782968514e-05,0.004379659283232239
2014-09-08,8.440885959415727e-05,-0.008125442962592398
2014-09-09,0.00013245989437494777,-0.012587104006291367
2014-09-10,3.204267921070119e-05,-0.003035441983365957
2014-09-11,-5.541598632726056e-05,0.005277917347006032
2014-09-12,0.0001309546164500097,-0.0123154848856924
2014-09-15,-3.466705783463488e-05,0.0032711180661323834
2014-09-16,-8.567634799817624e-05,0.00815155594195237
2014-09-17,-5.284042190092785e-05,0.00505336872842587
2014-09-18,-9.996314646885222e-05,0.009654151870803996
2014-09-19,-0.00013433726617441665,0.013148013307381707
2014-09-22,3.42641396595032e-05,-0.003342101302247184
2014-09-23,5.489927122952108e-05,-0.00532573046173188
2014-09-24,-3.260437379132798e-05,0.003173166012904799
2014-09-25,9.43044215034224e-05,-0.009092833585287088
2014-09-26,-3.299925664789484e-05,0.0031921569618565135
2014-09-29,4.113299302267039e-06,-0.00039773520381212167
2014-09-30,-4.9142365978907835e-05,0.0047749782370362075
2014-10-01,0.00011540784241792829,-0.011086832605671735
2014-10-02,2.926170644386403e-05,-0.002803026377715565
2014-10-03,-8.729065476887143e-05,0.008433707519302983
2014-10-06,-7.56858482721133e-05,0.007367484539979696
2014-10-07,8.187194841813033e-05,-0.007905348498866187
2014-10-08,-4.0329415119013043e-05,0.0037841472354445483
2014-10-09,0.000202582789863697,-0.018646424629426412
2014-10-10,-2.196089812645223e-06,0.00020217750511884898
2014-10-13,0.00012662634790917675,-0.011520288241383842
2014-10-14,3.382028349601086e-05,-0.003067275436991866
2014-10-15,6.827575595584498e-05,-0.0061532091050976005
2014-10-16,5.755291504424299e-05,-0.005159475465590147
2014-10-17,-9.179731854113127e-05,0.008299224288339475
2014-10-20,-9.252016561937096e-05,0.008436708043242635
2014-10-21,-4.67849518796305e-05,0.0042848982164372185
2014-10-22,8.495639249561757e-05,-0.00771952091290581
2014-10-23,2.0317372544427106e-05,-0.0018426509569940412
2014-10-24,-0.00012299062428899473,0.011283064954309186
2014-10-27,-0.00014182315356645904,0.013186042337514093
2014-10-28,-0.00011501589603053374,0.01081173440749029
2014-10-29,2.746118750558502e-05,-0.002574620477826732
2014-10-30,-1.4804572983587242e-05,0.001389971666229744
2014-10-31,-7.340416634548779e-05,0.006940623889766765
2014-11-03,-2.907614924103865e-05,0.0027569935025002663
2014-11-04,1.2441399614222477e-05,-0.0011782710433308513
2014-11-05,-2.0756261639549994e-06,0.0001966130287139531
2014-11-06,1.246614138804362e-05,-0.0011794289718420371
2014-11-07,-0.00011927396229354198,0.01141612778790531
2014-11-10,2.8540508925837102e-05,-0.002724113836335676
2014-11-11,2.2535457593994255e-05,-0.0021462342584943226
2014-11-12,-4.2937581110721214e-05,0.004106440012250291
2014-11-13,-7.68012437132785e-05,0.007400569870021522
2014-11-14,-5.9831975557109125e-05,0.005799543024442836
2014-11-17,1.9866388771232545e-05,-0.001921881184044329
2014-11-18,3.595498319198026e-05,-0.003465990542099843
2014-11-19,0.00014844555350118603,-0.014103799663210974
2014-11-20,6.225696804469776e-05,-0.005879513679608387
2014-11-21,-4.17360992707593e-06,0.00039431214420727607
2014-11-24,0.0001502284569599342,-0.01399038098339061
2014-11-25,3.4451244650036855e-05,-0.0031978719876731266
2014-11-26,-0.00014909767525027412,0.014038174315021223
2014-11-28,-0.00011425362474985866,0.010876953409622728
2014-12-01,0.00011635421562300538,-0.010953027085029342
2014-12-02,0.000196914033616168,-0.01819205258641185
2014-12-03,7.023256085489274e-05,-0.006445751963681867
2014-12-04,2.2096152775106938e-06,-0.0002027504175160538
2014-12-05,3.770255502213696e-05,-0.0034473322953264014
2014-12-08,-6.41582922956991e-05,0.005901692355719096
2014-12-09,0.0004538241530130524,-0.04003697339299916
2014-12-10,0.0001796011304133844,-0.015591924871291686
2014-12-11,-4.4214470390926264e-05,0.0038535767812331472
2014-12-12,0.00019411814505257245,-0.016630730862712766
2014-12-15,4.0643192108467084e-05,-0.0034696683480406466
2014-12-16,-2.7972880050713207e-05,0.002393867718804404
2014-12-17,-0.00022632931501685255,0.019760492560669432
2014-12-18,-0.00014681393338294722,0.012988414318124364
2014-12-19,7.1312929966697585e-06,-0.0006304882606695158
2014-12-22,-0.00011535002763751767,0.010305747377721795
2014-12-23,-3.7151733127950326e-05,0.0033305603274909447
2014-12-24,-0.0,0.0
2014-12-26,-4.379505063893164e-05,0.0039419402126293236
2014-12-29,7.163541090563431e-05,-0.006405589829378575
2014-12-30,5.140731640626182e-05,-0.004575301411248814
2014-12-31,0.0001306337053825219,-0.011489902952128511
2015-01-02,-4.308970069830649e-05,0.0038047085036625257
2015-01-05,9.378201482595443e-05,-0.00821115835996111
2015-01-06,-0.00011282714141955555,0.009979506979258968
2015-01-07,0.00021283564776228766,-0.017856892243394207
2015-01-08,-0.0002471553495257368,0.02118605530213051
2015-01-09,0.00010357562687891326,-0.008798501524456435
2015-01-12,-7.908238178010449e-05,0.006764373563472255
2015-01-13,-2.449324509880865e-05,0.0020995509350201684
2015-01-14,5.1556273289950836e-05,-0.004399482302377723
2015-01-15,-3.19699976338681e-05,0.0027357540815656756
2015-01-16,-0.0002142195332501727,0.018681746496473833
2015-01-20,-4.470712830294105e-05,0.003914451029646584
2015-01-21,-1.6382291367119966e-05,0.001436502723161736
2015-01-22,0.00010615196029005644,-0.009220272910176323
2015-01-23,0.00015690778152925008,-0.013441418578303357
2015-01-26,4.6685770929387885e-05,-0.003983006699908316
2015-01-27,0.0001524729234753426,-0.012837305611447985
2015-01-28,7.646850522136167e-05,-0.006396023404163843
2015-01-29,-1.5373303912427654e-05,0.001287558292178827
2015-01-30,0.00010325102387038054,-0.008571656805233904
2015-02-02,-0.0003217512229960795,0.02746210351338537
2015-02-03,-0.00020580041753319648,0.01788700503159412
2015-02-04,7.138939415980744e-06,-0.0006200824697414756
2015-02-05,-1.4268929054172955e-05,0.0012409611964688872
2015-02-06,-0.00033874605342269,0.03037583815050541
2015-02-09,5.391974296875664e-05,-0.004811273851192907
2015-02-10,-9.401649386256067e-05,0.008461697500840934
2015-02-11,-6.618392296029523e-05,0.005993198020081601
2015-02-12,6.39648726084818e-05,-0.005758159198863093
2015-02-13,4.6789065935564993e-05,-0.004193921757973983
2015-02-17,2.9164903548364404e-05,-0.0026072171690535934
2015-02-18,5.424996613636161e-05,-0.004825782567413902
2015-02-19,6.818680572956307e-06,-0.0006061768241266991
2015-02-20,-1.3629006626117282e-05,0.0012131139907159863
2015-02-23,4.556043428906818e-05,-0.004038572708451298
2015-02-24,-0.00010199029969636974,0.009124993501820867
2015-02-25,4.4932853804796796e-06,-0.0004018456012508901
2015-02-26,-3.807688484163658e-05,0.003417207668003782
2015-02-27,-1.7827944892249622e-05,0.0016025893125516516
2015-03-02,-4.4479767502027926e-06,0.00040000096157125363
2015-03-03,-1.7756000024021598e-05,0.0015993857020175854
2015-03-04,0.00010740444114795525,-0.009579780220809601
2015-03-05,3.3996129260023805e-05,-0.0030228614211780967
2015-03-06,0.00014509004480669794,-0.01273307839345991
2015-03-09,1.4015787431146196e-05,-0.0012284774823970227
2015-03-10,0.00017095071565144756,-0.014757517043004967
2015-03-11,-4.0828964296053546e-05,0.0035373651001114753
2015-03-12,-0.0002458653684034179,0.021775946712133436
2015-03-13,-2.5145561487506843e-05,0.0022321907816277515
2015-03-16,-9.721895692622061e-05,0.008707039847332577
2015-03-17,7.218640919820984e-05,-0.006422638027578738
2015-03-18,-0.0001323683125318875,0.011920747111369976
2015-03-19,5.346247243182994e-05,-0.004791107571976769
2015-03-20,-5.78943057162152e-05,0.005215939365683483
2015-03-23,-1.769162134636639e-05,0.0015965133826891117
2015-03-24,5.1017823670048877e-05,-0.004582342369722456
2015-03-25,0.00015365205270810798,-0.013608744223349366
2015-03-26,7.14794523572942e-05,-0.0062901047873306845
2015-03-27,-3.239405324121417e-05,0.0028589731503936592
2015-03-30,-0.00012772964641201724,0.01140439555951869
2015-03-31,0.00011160256376818014,-0.009863967468805006
2015-04-01,-6.632053166206319e-05,0.0058970765483296935
2015-04-02,-0.0001236445703839574,0.011119200891594724
2015-04-06,-3.545475725127175e-05,0.003198828646832086
2015-04-07,8.009702441132191e-05,-0.00717358018695276
2015-04-08,3.246556318166713e-05,-0.0028090201279082566
2015-04-09,2.7975252245211652e-05,-0.00241452423890082
2015-04-10,-4.8867172895420655e-05,0.004235972655711004
2015-04-13,4.1860524532822534e-05,-0.0036151894551502274
2015-04-14,-3.258466658203144e-05,0.0028222277314603945
2015-04-15,-4.8530635225232486e-05,0.00422149783163123
2015-04-16,2.7681134742983225e-05,-0.002401960493116856
2015-04-17,8.620541251426646e-05,-0.007423435342509166
2015-04-20,-0.00011158492462192742,0.009704365995623554
2015-04-21,4.8550335186706334e-05,-0.004204183565177831
2015-04-22,-9.21223686184824e-05,0.00804291932347016
2015-04-23,-0.0001086031615977007,0.009574673013508147
2015-04-24,4.483525485039799e-06,-0.0003951168741152803
2015-04-27,-1.120209916764545e-05,0.0009881982606164271
2015-04-28,-0.00010421653018316378,0.00928076749537592
2015-04-29,1.760190829714806e-05,-0.0015649895852735403
2015-04-30,6.615110510662821e-06,-0.0005877974117798292
2015-05-01,6.622984080006991e-06,-0.0005881430746036001
2015-05-04,-2.424582005114251e-05,0.0021578609048051667
2015-05-05,9.538461118614657e-05,-0.008416095990555731
2015-05-06,0.00010159069723899847,-0.008882238410367367
2015-05-07,-2.0465224310079203e-05,0.0017925887644086214
2015-05-08,-9.230076480265852e-05,0.008152219645412578
2015-05-11,7.643450834735588e-05,-0.006704578654795911
2015-05-12,4.088939023262372e-05,-0.003573568441092672
2015-05-13,-2.5023133777321087e-05,0.002191824911365755
2015-05-14,-5.421352730317562e-05,0.004771847200627691
2015-05-15,4.061114751135108e-05,-0.0035615501492667102
2015-05-18,4.318709876982714e-05,-0.003772840215951959
2015-05-19,1.1420073544797408e-05,-0.0009966444425843206
2015-05-20,-3.1918289674005535e-05,0.002793510570063645
2015-05-21,-4.754162084209343e-05,0.0041786608343803025
2015-05-22,6.575858462643331e-05,-0.005745864661866536
2015-05-26,4.3501663492597495e-05,-0.0037863713459812534
2015-05-27,-3.4371131614003076e-05,0.0030008372860306463
2015-05-28,6.8575749873399814e-06,-0.0005983471859568024
2015-05-29,2.2918688789268792e-05,-0.0019956521630476592
2015-06-01,5.074892429428646e-05,-0.004399089263407956
2015-06-02,1.8566817013427173e-05,-0.0016067887295123408
2015-06-03,1.3964833945613373e-05,-0.001207036387055654
2015-06-04,0.00023302401291949574,-0.019734376150079624
2015-06-05,0.000214971289911233,-0.01787234679740695
2015-06-08,-5.261152622049788e-05,0.004393714961181595
2015-06-09,2.49948939122655e-05,-0.002082930907099419
2015-06-10,-3.2472826992990754e-05,0.00271361927271118
2015-06-11,-7.180235353949023e-05,0.006037319196913409
2015-06-12,0.00012686104276482361,-0.01055153091703413
2015-06-15,6.319235922453068e-05,-0.00522781293178076
2015-06-16,-0.00010578257012322363,0.008830387642642771
2015-06-17,3.756369787385115e-05,-0.003125658571210893
2015-06-18,-0.00012429492381397234,0.010453238395415983
2015-06-19,7.675434155469114e-05,-0.006412674170063527
2015-06-22,-1.7419140558067288e-05,0.0014575071131292545
2015-06-23,-5.9335200996623825e-05,0.004990107256398747
2015-06-24,0.00011927266243897361,-0.009928874710389245
2015-06-25,-3.753198174476756e-05,0.003134385971310817
2015-06-26,-4.472626837572631e-05,0.0037495401734455158
2015-06-29,0.0002142330133255858,-0.017635409993814154
2015-06-30,4.120004985373883e-05,-0.003379796315337702
2015-07-01,-9.993367943445963e-05,0.008267369474395202
2015-07-02,-5.0607440226425685e-05,0.004204711708709805
2015-07-06,4.0451525351054925e-05,-0.003349378983123599
2015-07-07,-5.3036444349159876e-05,0.004411249269936572
2015-07-08,0.00017649476384580854,-0.014003399416048407
2015-07-09,8.610000675444514e-05,-0.006783801238415162
2015-07-10,-0.00019732701813964925,0.015799214270230476
2015-07-13,-5.2269513623111975e-05,0.004203049635313119
2015-07-14,-5.440836315757143e-05,0.004394744179215177
2015-07-15,2.0670065224210104e-05,-0.0016667376546660726
2015-07-16,-0.00012805349575055168,0.010436070738350442
2015-07-17,6.11298705160595e-05,-0.004956641402743294
2015-07-20,-0.00012917180097534825,0.01058736528664806
2015-07-21,0.00028998205736289985,-0.023202741435360646
2015-07-22,0.00013818324430610099,-0.01093271307249177
2015-07-23,2.692916349289562e-05,-0.0021259233661088573
2015-07-24,8.422382487314242e-05,-0.006604017814824857
2015-07-27,5.770220938550809e-05,-0.0045035488766266745
2015-07-28,-1.6540234225376715e-05,0.0012926458884017732
2015-07-29,-0.00018180343862679775,0.014418327308812769
2015-07-30,-2.9349467932808793e-05,0.0023331934873936392
2015-07-31,-3.1860216292173316e-05,0.002539384694785552
2015-08-03,-4.748508498049045e-05,0.003799490764560004
2015-08-04,7.934530127266368e-05,-0.006307710266110712
2015-08-05,7.99067067062005e-06,-0.0006348205570988493
2015-08-06,2.6658417342036576e-06,-0.00021174239154191148
2015-08-07,7.241244993633924e-05,-0.005717851328746979
2015-08-10,-0.00023036484267394082,0.018535812896756546
2015-08-11,-9.541906257497111e-05,0.007738584748562114
2015-08-12,-6.363696130102274e-05,0.005188463879035111
2015-08-13,4.830320419693362e-05,-0.003922438697579553
2015-08-14,4.354627728163651e-05,-0.0035233861608214814
2015-08-17,-7.70727709166273e-06,0.0006240046622640151
2015-08-18,1.5424297896462828e-05,-0.0012472019647298475
2015-08-19,5.150102838954472e-06,-0.00041625739821463017
2015-08-20,0.0001459869594844004,-0.011658397526181603
2015-08-21,0.00020924948323494024,-0.01642897577273778
2015-08-24,0.00038229650094315345,-0.029118788097755317
2015-08-25,0.00036939819438665435,-0.027346292462743473
2015-08-26,-0.0004899177987225654,0.03767100174150724
2015-08-27,-0.0002862817405812634,0.02252151276783329
2015-08-28,3.269440148187221e-05,-0.0025652705259915517
2015-08-31,1.6411154145270224e-05,-0.001285954810690898
2015-09-01,0.0003115176976000569,-0.023813672478448615
2015-09-02,-0.00012812893053945626,0.009894142784382656
2015-09-03,-0.00010346096641644603,0.008055304193451192
2015-09-04,0.0002546377307601134,-0.019430401639318595
2015-09-08,-0.0002988607786828825,0.02335129540159383
2015-09-09,0.00013641772664741501,-0.010543617146935887
2015-09-10,-1.9668296457115836e-05,0.0015225216132146242
2015-09-11,-7.529938882599324e-05,0.0058639878966996566
2015-09-14,2.2218069634689924e-05,-0.0017271805745813235
2015-09-15,-0.00019720273710479864,0.015574976890496493
2015-09-16,4.872431775727459e-05,-0.0038330958245761247
2015-09-17,0.00026641274840059903,-0.020517306671387254
2015-09-18,0.00018981609453508453,-0.014402268804867892
2015-09-21,-6.678293593881947e-05,0.005093638872452406
2015-09-22,0.00010777194397376288,-0.008151156627454751
2015-09-23,0.00013351783922121164,-0.009994773855579663
2015-09-24,-3.288937958347129e-05,0.0024682475008168596
2015-09-25,-3.865830739495108e-05,0.002909856094963757
2015-09-28,0.00014388053375907506,-0.010710936291206933
2015-09-29,6.394552667669496e-05,-0.004737151867013311
2015-09-30,6.122243024239776e-06,-0.0004533310076075802
2015-10-01,0.00017059553231472662,-0.012470176703952734
2015-10-02,3.780296211364213e-05,-0.002755493127271773
2015-10-05,-0.0003567912296943995,0.026720706436038476
2015-10-06,-1.7943716577835132e-05,0.0013456926470585802
2015-10-07,6.523031907784476e-05,-0.004700997552007058
2015-10-08,-0.00011758213949339721,0.008548324359936374
2015-10-09,2.1507817099005328e-05,-0.001561128402661345
2015-10-12,-4.294766366993254e-05,0.0031273421914025444
2015-10-13,-1.832315626366369e-05,0.0013360786496054622
2015-10-14,0.00011378906354387306,-0.008227058546915944
2015-10-15,-0.00020767455901767577,0.01525038409067543
2015-10-16,-9.016584930110448e-06,0.0006625750873331789
2015-10-19,-0.0,0.0
2015-10-20,-0.00016025365337984796,0.01192028325937181
2015-10-21,0.00011236887420576434,-0.008287277456475105
2015-10-22,-0.00030026464343457543,0.022660056355227956
2015-10-23,-7.649344227356525e-05,0.005807141336545263
2015-10-26,-5.608736883542666e-05,0.004276668263746958
2015-10-27,5.327145978278245e-05,-0.004045089195954873
2015-10-28,-8.669219487886518e-05,0.006627624460958154
2015-10-29,2.226128274503438e-05,-0.00169890911312412
2015-10-30,-0.00013242804035698316,0.01021239954585
2015-11-02,2.736506463127072e-05,-0.002105740737416541
2015-11-03,9.11406880240263e-05,-0.006963156019970806
2015-11-04,8.6804588773748e-05,-0.00658703825299164
2015-11-05,-1.6891802046672473e-05,0.0012834983149884872
2015-11-06,0.00011917243829257517,-0.008971736652616552
2015-11-09,0.00013890297443373042,-0.010346024941686934
2015-11-10,5.8748874441759014e-05,-0.004356262163085741
2015-11-11,-6.459524301484768e-05,0.004813453537472932
2015-11-12,0.0001447377238644103,-0.010667265806585766
2015-11-13,0.00018159750226418665,-0.013202297211097433
2015-11-16,-0.0002440135798352512,0.01806934839167735
2015-11-17,-1.1822845132508353e-05,0.0008762766220077924
2015-11-18,-8.800698734599966e-05,0.006566828860036526
2015-11-19,-0.00010981897552679732,0.008263913946465168
2015-11-20,0.00010690544465394946,-0.00797875889101033
2015-11-23,0.00011755148344952916,-0.008694962286103204
2015-11-24,-5.903586892867931e-05,0.004386396449364179
2015-11-25,7.982261917156625e-05,-0.005894950560735405
2015-11-27,-9.156714158191899e-05,0.006809590471953147
2015-11-30,-6.422535362995101e-05,0.004799802946171198
2015-12-01,-3.7659924289832625e-05,0.002822626104312927
2015-12-02,0.00019345241950170273,-0.014286582683613625
2015-12-03,0.00010793489408626944,-0.007906312657115855
2015-12-04,-0.00033883302697613614,0.02546906643442419
2015-12-07,-9.976476597103678e-05,0.007557203074764063
2015-12-08,0.0001026376419451694,-0.007713254672427375
2015-12-09,9.843146971867951e-05,-0.0073413934755768
2015-12-10,1.167727056264864e-05,-0.000870156944604881
2015-12-11,0.0001477245071178475,-0.010884932156606778
2015-12-14,-0.0001856004856953114,0.013870624413903139
2015-12-15,-2.898825211737793e-05,0.0021712317698846973
2015-12-16,-0.0002719448325920245,0.020803796111425556
2015-12-17,0.00011475745031345598,-0.008700551085485224
2015-12-18,0.00015429555598634817,-0.0115593703876145
2015-12-21,-9.757236119301219e-05,0.0073651142059710855
2015-12-22,-0.00012414472196677005,0.00946191192291351
2015-12-23,-0.0001682606288289066,0.012995312957705391
2015-12-24,6.567651149167997e-05,-0.005046144574770342
2015-12-28,-1.0992913420799585e-05,0.0008453547637361079
2015-12-29,-0.00012507960893208946,0.009714492583581298
2015-12-30,0.00011959020348109916,-0.009200469105987185
2015-12-31,0.00015268967725937802,-0.011606985328086019
2016-01-04,9.907262310075421e-05,-0.007473406823026494
2016-01-05,-0.00017725690218258825,0.013557210069694512
2016-01-06,0.0002870484776710082,-0.020788220339533224
2016-01-07,7.521624342213124e-05,-0.0054168751449785715
2016-01-08,0.0001344181214591299,-0.009585042890248509
2016-01-11,-7.974597135014141e-05,0.005719941737773328
2016-01-12,4.896521968363578e-05,-0.0034994934185954437
2016-01-13,0.00024378773631333097,-0.01711655056771518
2016-01-14,-0.00022533574927687696,0.016082705020825025
2016-01-15,0.00013683735543591023,-0.009669269174539525
2016-01-19,-0.00013683735543591028,0.009766381190591497
2016-01-20,0.00013997880080163832,-0.009888993786673196
2016-01-21,-0.00044120973516245654,0.03220174388933092
2016-01-22,-0.0003361817914324156,0.025170685442053562
2016-01-25,2.802477191863678e-06,-0.00020978255682169947
2016-01-26,-0.00033332808926105306,0.025607560705125484
2016-01-27,-0.00020441829909421356,0.0159613848097141
2016-01-28,5.1602147815450194e-06,-0.00040275330755178406
2016-01-29,-0.00024303093607119135,0.01934480828041526
2016-02-01,-0.00019309921443456867,0.015616386476980264
2016-02-02,0.0002080147451108478,-0.016537454128017628
2016-02-03,-0.00017423404392351112,0.014051372047040241
2016-02-04,4.6145235904244353e-05,-0.0037073118956642607
2016-02-05,-0.00013024904168554795,0.010577662915482787
2016-02-08,5.5137506007623623e-05,-0.004457320802801419
2016-02-09,0.00014375236221016017,-0.011484154614534094
2016-02-10,4.205001071453683e-05,-0.0033477804977600735
2016-02-11,0.00014818393125865586,-0.011656537957496773
2016-02-12,-0.0001803654900473708,0.01439748427711195
2016-02-16,-3.201501409753124e-05,0.002562277542278493
2016-02-17,-1.961932684881037e-05,0.0015727373610492448
2016-02-18,-0.00014996036713492227,0.012171184306950878
2016-02-19,1.91442813903547e-05,-0.0015513307873178963
2016-02-22,-5.012581646396751e-05,0.004078855701428303
2016-02-23,0.00010550262606935839,-0.008510122985835825
2016-02-24,-4.578206645284598e-05,0.0037069337147045255
2016-02-25,-6.922163209457494e-05,0.005637193165229297
2016-02-26,2.1398363108054628e-05,-0.0017395094827146083
2016-02-29,6.946676263251962e-05,-0.005614578709731382
2016-03-01,-0.00017336945920789492,0.014216537893443475
2016-03-02,-0.0001525647231180636,0.012672930807391004
2016-03-03,5.272591641645092e-05,-0.004360167406684027
2016-03-04,1.8449181464886915e-05,-0.0015232736938482427
2016-03-07,-9.16805234833365e-05,0.007628836751174038
2016-03-08,-5.659035362266105e-05,0.004731764367695094
2016-03-09,2.7095902446823732e-05,-0.0022603612077323116
2016-03-10,4.528067795491289e-06,-0.00037758885998446904
2016-03-11,-4.737274354402759e-05,0.003966388724345897
2016-03-14,-2.246399063047674e-06,0.00018812101003647658
2016-03-15,-2.9125564005410307e-05,0.0024451797272013382
2016-03-16,-0.00011945973887729051,0.010133055924688291
2016-03-17,-9.124994535949718e-05,0.007802003202545064
2016-03-18,8.468434676334232e-05,-0.007187364879416045
2016-03-21,-4.3582273116439665e-05,0.003712991731391369
2016-03-22,5.014787171259452e-05,-0.004253744343856209
2016-03-23,6.606548275548617e-05,-0.005571972480033543
2016-03-24,-0.00014220648614156152,0.012142805798870832
2016-03-28,3.468346957879631e-05,-0.002952620488599017
2016-03-29,-0.0001396242264010389,0.012032660417793693
2016-03-30,2.122625317375737e-06,-0.00018289125072329054
2016-03-31,-8.485791302084241e-06,0.0007317066587349097
2016-04-01,1.4858383326016051e-05,-0.0012795203148988413
2016-04-04,-8.648395070380907e-05,0.007504702866552323
2016-04-05,6.950608058742106e-05,-0.005994440997692592
2016-04-06,0.00012544217062146858,-0.010412550064542152
2016-04-07,0.0003479572825084744,-0.028052640624815946
2016-04-08,-4.22636379734828e-05,0.003419274823564973
2016-04-11,0.00013484620008332072,-0.010788879365267394
2016-04-12,-8.079068621711943e-05,0.006507079881502381
2016-04-13,0.00015780744029562227,-0.012546716140070184
2016-04-14,-1.69294214526996e-05,0.0013478590363363487
2016-04-15,2.415662891386245e-06,-0.00019228838695281177
2016-04-18,-9.11386226920856e-05,0.00730905611927472
2016-04-19,-8.276684131364368e-05,0.006683133023368387
2016-04-20,7.800714817838887e-05,-0.006258398381775496
2016-04-21,0.00042324260696094315,-0.03281347236888445
2016-04-22,-0.00013099462371263655,0.010262769118042232
2016-04-25,-5.214087467085266e-05,0.00410216179595231
2016-04-26,7.962603269095858e-05,-0.006224550484251521
2016-04-27,-0.0003054430120817202,0.0244764760997343
2016-04-28,0.00016185629956408054,-0.01280003187996764
2016-04-29,1.9610667802255992e-05,-0.0015484018762982027
2016-05-02,-9.260614358023073e-05,0.007367150432784171
2016-05-03,0.00015676839459899215,-0.012314003234395562
2016-05-04,-3.956212633172923e-05,0.003117501804212937
2016-05-05,-0.0,0.0
2016-05-06,-6.86378126831164e-05,0.0054388366168997716
2016-05-09,9.759331012444457e-06,-0.0007727132824460678
2016-05-10,-0.00011131772440038763,0.008894163873093755
2016-05-11,9.424891203727316e-05,-0.007472689388311982
2016-05-12,-7.743761396722698e-05,0.006178671867948712
2016-05-13,0.00012878478331398115,-0.0101684757568065
2016-05-16,-7.079726690137584e-05,0.005622174857166138
2016-05-17,8.062571750325219e-05,-0.006360912443730367
2016-05-18,0.00012668051675252564,-0.009892965848669832
2016-05-19,0.00019360953842966213,-0.014888748072207329
2016-05-20,-7.754825954492206e-06,0.0005967182749923954
2016-05-23,0.0001357573234996549,-0.010335446864981942
2016-05-24,-0.0001150569329055166,0.00883895202110339
2016-05-25,-6.959753690178893e-05,0.005376146714812675
2016-05-26,-7.898430375930993e-05,0.006139671664144304
2016-05-27,-0.00011541970338797413,0.009055234204108056
2016-05-31,-6.923407577276088e-05,0.0054621764339072305
2016-06-01,0.00011665219047194505,-0.009117139558054555
2016-06-02,-8.460276877815697e-05,0.006657415870920503
2016-06-03,-3.6965577169629184e-05,0.002917535112213837
2016-06-06,5.181304070327235e-05,-0.004072303220098001
2016-06-07,-0.0002524824323823363,0.02025629295708718
2016-06-08,5.495958167113714e-05,-0.004389484862773247
2016-06-09,-0.00010235494757810558,0.008243918344347354
2016-06-10,-0.00016764299731285518,0.013691837272177017
2016-06-13,2.3009145769669453e-05,-0.0018756048660017643
2016-06-14,-9.605482491586354e-05,0.007893292711702013
2016-06-15,3.4130002607784126e-05,-0.0027965927752748084
2016-06-16,-0.0001398304376699868,0.011593704762935565
2016-06-17,-7.090910712923267e-05,0.0059148746564323135
2016-06-20,4.4070880616738405e-06,-0.00036747837121692647
2016-06-21,-7.447734438568086e-05,0.006249927417519145
2016-06-22,1.5256945618022265e-05,-0.0012786432392248666
2016-06-23,-0.000138037702860906,0.011707233442798923
2016-06-24,5.13837296911731e-05,-0.004338592491270999
2016-06-27,-6.628577789604602e-05,0.005629102794582408
2016-06-28,-1.698431178110969e-05,0.0014444698350950008
2016-06-29,-5.065680495266832e-05,0.004327307441672687
2016-06-30,-0.00016162732189097578,0.014004736644690955
2016-07-01,-7.913213892332347e-05,0.006905108548755643
2016-07-05,-6.012789175901864e-05,0.0052751024123491854
2016-07-06,5.548199336888456e-05,-0.0047207430198984626
2016-07-07,0.0001845852517238361,-0.015457078452506443
2016-07-08,-0.00010977554188142698,0.009279895819620848
2016-07-11,-6.27092537656312e-06,0.0005304017043193428
2016-07-12,9.689957041820698e-05,-0.008127666851895416
2016-07-13,-0.0001115056007744514,0.009443208659185909
2016-07-14,3.343902078693126e-05,-0.002823703836355865
2016-07-15,-0.0,0.0
2016-07-18,-1.883299043068682e-05,0.0015929148605721122
2016-07-19,4.824972325940624e-05,-0.0040640334878973405
2016-07-20,1.6876050353478168e-05,-0.0014193896588028125
2016-07-21,5.305196883966221e-05,-0.004441734079344444
2016-07-22,-0.0001535863008919273,0.013030448374925375
2016-07-25,4.795714367474412e-05,-0.004051864603205897
2016-07-26,0.00022622177052444186,-0.018746393228580537
2016-07-27,-0.00010992467944297148,0.009194946694393883
2016-07-28,9.905738574924694e-05,-0.00821619930260941
2016-07-29,-0.00011824580474433916,0.0099072736994481
2016-08-01,0.00019693537988089266,-0.016226092954354746
2016-08-02,0.00011103163816850132,-0.009063280288437003
2016-08-03,2.2453522375448616e-05,-0.0018293983294764295
2016-08-04,-6.744799971857527e-06,0.0005498414709001487
2016-08-05,6.551576457873516e-05,-0.0053118252330107175
2016-08-08,1.1367487448542887e-05,-0.0009207727064365645
2016-08-09,-1.590855082809806e-05,0.0012903052950385407
2016-08-10,-3.3950377208613295e-05,0.0027614279306558236
2016-08-11,-1.1274769408429361e-05,0.0009179205474471209
2016-08-12,4.7495255094948886e-05,-0.0038515021455734666
2016-08-15,9.088902885616163e-06,-0.0007364842564806307
2016-08-16,0.00019639722035695614,-0.015658853665671796
2016-08-17,-9.551672312268006e-05,0.00767552194253319
2016-08-18,6.974487323189364e-05,-0.005572534607678474
2016-08-19,9.898320064128795e-05,-0.007845030417667669
2016-08-22,-2.371094113499463e-05,0.0018828667519058882
2016-08-23,-1.890387782680027e-05,0.0015034557796423796
2016-08-24,2.363884398910864e-05,-0.0018764181577209695
2016-08-25,-5.18871505236565e-05,0.004136195849666689
2016-08-26,0.00016179529056735062,-0.012729199970096151
2016-08-29,-0.0001027989265628552,0.008155315150640904
2016-08-30,5.4775082172147027e-05,-0.004326177298780175
2016-08-31,-1.4335571817832614e-05,0.0011335504048417269
2016-09-01,-5.464982177548911e-05,0.004340534584874692
2016-09-02,-7.524370646612635e-05,0.006013036354416679
2016-09-06,-0.000145506085513895,0.01176826093415319
2016-09-07,-4.547858015843423e-05,0.0036921405564515983
2016-09-08,2.4971219278969665e-05,-0.002023064528254068
2016-09-09,0.00041881748950962667,-0.03279013773437099
2016-09-12,-0.00017992556824487595,0.014293250811531273
2016-09-13,0.00027062111046383895,-0.021034305653850362
2016-09-14,-9.867763350084442e-06,0.0007675860753282275
2016-09-15,-0.00011964757980824669,0.009396763373774873
2016-09-16,2.4234315784960344e-05,-0.0018995825368505594
2016-09-19,0.000167303870988588,-0.012939866522226518
2016-09-20,-1.7427366591004915e-05,0.0013497601334090006
2016-09-21,-0.00014744793348086245,0.011555302212803403
2016-09-22,-0.00011552482215188473,0.009138379168594288
2016-09-23,-4.987860026056847e-05,0.003961582717791024
2016-09-26,9.775549803156793e-05,-0.00770285332997459
2016-09-27,-8.117364292493961e-05,0.0064384811988776195
2016-09-28,0.00010283826104326964,-0.00808919831735261
2016-09-29,-1.44513921063042e-05,0.0011380649352082399
2016-09-30,3.3771811667178556e-05,-0.0026523371676114202
2016-10-03,2.4234315784960344e-05,-0.0018995825368505594
2016-10-04,0.00015236321408338625,-0.011798292144436362
2016-10-05,0.0002583794924931794,-0.019054925228536766
2016-10-06,2.6618217160075107e-06,-0.00019626397896044197
2016-10-07,9.11364671587208e-05,-0.006673686453652985
2016-10-10,-7.247401560172913e-05,0.005336179830552037
2016-10-11,7.787366058510543e-05,-0.0057001697743620785
2016-10-12,-0.00010717704873562593,0.007908855015392601
2016-10-13,2.6586472121230315e-06,-0.0001961485098454915
2016-10-14,2.6597047488024765e-06,-0.00019618698445378276
2016-10-17,-3.978481612650261e-05,0.002943508739959388
2016-10-18,4.244557904309856e-05,-0.003130269074932642
2016-10-19,-2.9210296822373016e-05,0.0021589735106174405
2016-10-20,0.00033685166876887355,-0.024276089974740494
2016-10-21,0.00026690456177588736,-0.018862114567243196
2016-10-24,-2.8941841689206633e-06,0.00020457469549908786
2016-10-25,0.00010789063643089674,-0.007566865638200869
2016-10-26,6.198089963116898e-05,-0.0043276512073922606
2016-10-27,-0.0002647106242179394,0.01884089508646853
2016-10-28,9.48390881558735e-05,-0.006703677599112324
2016-10-31,3.190221302207968e-05,-0.0022497820848414226
2016-11-01,0.00012908146788035983,-0.009018527679728888
2016-11-02,0.00021644407733434196,-0.014890563895808732
2016-11-03,2.139785964733529e-05,-0.0014698675856019252
2016-11-04,-6.400268894515193e-05,0.004416475228699415
2016-11-07,-0.0001143746404718286,0.007956993243980222
2016-11-08,-5.650323266960741e-05,0.003946868027338772
2016-11-09,-6.192899451524385e-05,0.004345206367499465
2016-11-10,0.0003521272433907631,-0.02409417446993982
2016-11-11,-0.0,0.0
2016-11-14,0.00015907528387668722,-0.010764034589757882
2016-11-15,-0.0003658474071452947,0.025402883645258292
2016-11-16,-0.00016587752493925993,0.0116559506363443
2016-11-17,2.6396979965715874e-05,-0.0018513413884882024
2016-11-18,-6.726248005086638e-05,0.004740429827641376
2016-11-21,-6.950409861600755e-05,0.004923214852913054
2016-11-22,-0.0003319233838617494,0.02409366138119724
2016-11-23,-0.0002001987774715486,0.014752316882257584
2016-11-25,-0.00011626498164353162,0.008643440373721884
2016-11-28,-0.00011683718845939653,0.008764157482943716
2016-11-29,4.130570618690078e-05,-0.0030885847476471483
2016-11-30,0.00028034075178993994,-0.02052028719169519
2016-12-01,8.107588056049043e-06,-0.000593094816753593
2016-12-02,1.6244474763975077e-05,-0.0011868836583821083
2016-12-05,1.628365741667403e-05,-0.0011882937366809424
2016-12-06,-0.0001637424792540197,0.012097564053409286
2016-12-07,-0.0002651127921735595,0.019989057183998068
2016-12-08,6.400007005336461e-05,-0.004801706430530519
2016-12-09,-9.196321582933169e-05,0.00694891298209751
2016-12-12,-6.81329099500628e-05,0.005175603737942655
2016-12-13,-0.00014889073649642626,0.011443072169222303
2016-12-14,0.00018160651754051677,-0.013760333894988071
2016-12-15,-4.5255057507697185e-05,0.003441090090661966
2016-12-16,-0.00011423575928366714,0.00876435910657236
2016-12-19,-0.00015563241109314014,0.012088484673276353
2016-12-20,-5.0249737823739205e-05,0.003918754231180246
2016-12-21,3.585201364996363e-05,-0.0027879431670729013
2016-12-22,-0.0001609235285813655,0.01267653163471861
2016-12-23,-7.00566481296182e-06,0.0005521742047117566
2016-12-27,9.342627820417088e-06,-0.000735813855040968
2016-12-28,4.692292864895278e-05,-0.0036816378468917414
2016-12-29,-7.025342089867398e-05,0.0055435190341912265
2016-12-30,8.439886428231724e-05,-0.006614521865155707
2017-01-03,-0.00027699981473871497,0.02220332989676364
2017-01-04,1.3560390783887992e-05,-0.001085743383492315
2017-01-05,-2.709100032886716e-05,0.0021739361456725535
2017-01-06,0.00032751678546927477,-0.024928705762114957
2017-01-09,0.00014277343038724137,-0.01074720028346928
2017-01-10,-1.9879514005971965e-05,0.0014987233713394778
2017-01-11,7.486080808005728e-05,-0.005611265044838767
2017-01-12,-5.498129407408536e-05,0.0041386900745877305
2017-01-13,3.243330415417842e-05,-0.0024352963845322784
2017-01-17,-4.734859367288067e-05,0.0035682555928162694
2017-01-18,0.00012281063840642814,-0.009168050188290615
2017-01-19,-2.7769821083669024e-05,0.002077493336811057
2017-01-20,-9.007282635256864e-05,0.006785404637360178
2017-01-23,7.748871548179766e-05,-0.0058026326805728735
2017-01-24,0.0006021110389039713,-0.04309184049706243
2017-01-25,9.690711633456977e-05,-0.006886333107129004
2017-01-26,0.00018363425057862337,-0.01287644210063708
2017-01-27,-0.0001360716126744131,0.009635915358009707
2017-01-30,6.487081608899058e-05,-0.004572225958104638
2017-01-31,0.00010275926759268244,-0.007189118390904369
2017-02-01,0.00018055839851274623,-0.012469921095468023
2017-02-02,3.251892128651635e-05,-0.0022406780202303142
2017-02-03,-8.834110189684415e-05,0.006125412004979651
2017-02-06,0.00016280169475805468,-0.011158729799684044
2017-02-07,-2.9933034332543948e-06,0.00020520990289608164
2017-02-08,-9.808468076648347e-05,0.006771190922897095
2017-02-09,-0.00012871646695409252,0.008967830979810531
2017-02-10,-4.91120047197725e-05,0.003433780845105972
2017-02-13,0.00012488974237111932,-0.008654203765182979
2017-02-14,8.251973553675513e-05,-0.005684730521929651
2017-02-15,5.6542912144850355e-05,-0.003879649339771554
2017-02-16,-0.00011264244198233088,0.007790851734390435
2017-02-17,-0.00021150905113751178,0.014852461233633369
2017-02-21,-6.817264398664631e-05,0.004810867811390503
2017-02-22,-6.751383848808402e-05,0.0047878371629281
2017-02-23,-0.00017688777772296923,0.012708153494674867
2017-02-24,-7.867911983247766e-05,0.005685582458382571
2017-02-27,0.00018038948133549968,-0.012863088779534137
2017-02-28,8.63843778576188e-05,-0.006121064560868757
2017-03-01,-5.0289581016748655e-05,0.0035765490246652924
2017-03-02,-4.716311235565308e-05,0.003365806170920689
2017-03-03,-3.034671813181949e-05,0.002170533634009168
2017-03-06,1.6536212514981597e-05,-0.001181307668499238
2017-03-07,0.00016474391251230014,-0.011628180332940496
2017-03-08,7.956719063443138e-05,-0.005583863230077566
2017-03-09,-3.421093957241206e-05,0.0024067980107938323
2017-03-10,-1.987954833782175e-05,0.0014005749971167294
2017-03-13,-3.394833724639455e-05,0.0023976626050027936
2017-03-14,3.1113004582329794e-05,-0.0021924568357249157
2017-03-15,-0.0002176714404424946,0.015584597603317658
2017-03-16,2.7527368618545355e-05,-0.001966888267600071
2017-03-17,-9.586778961834641e-05,0.006898536686800546
2017-03-20,4.0922635855055626e-05,-0.002935858471507488
2017-03-21,2.192548241080714e-05,-0.0015704312054873894
2017-03-22,0.00012464577206384279,-0.00884664609396478
2017-03-23,1.9592453884437753e-05,-0.00138857491686592
2017-03-24,-1.1202448615083694e-05,0.0007945993241487993
2017-03-27,0.0001527718541903201,-0.010716793363200966
2017-03-28,-4.5614638817068336e-05,0.003210388617186118
2017-03-29,4.847541850066419e-05,-0.003399800443568192
2017-03-30,2.00581124248577e-05,-0.0014047332574102793
2017-03-31,8.952119257562237e-05,-0.006229272121733433
2017-04-03,-0.0001238715695035222,0.008696641251009293
2017-04-04,-3.702424017622671e-05,0.002606326715496863
2017-04-05,8.28621156578741e-05,-0.005798297892454053
2017-04-06,0.00017665500977881617,-0.01185924870299155
2017-04-07,-6.937499819753117e-05,0.004679747446568045
2017-04-10,3.61136256538551e-05,-0.0024299776197221714
2017-04-11,-4.811195138443987e-05,0.0032481385636547793
2017-04-12,-6.564006368102795e-05,0.004451813735086916
2017-04-13,8.96564573482515e-05,-0.006042804703731149
2017-04-17,-5.691038993106178e-05,0.0038509464591023577
2017-04-18,-0.00012130959761369288,0.00827860845196624
2017-04-19,8.262551499929423e-05,-0.005606118897841038
2017-04-20,0.00015901516507662116,-0.010670572084616905
2017-04-21,0.00036048136278190153,-0.02360150996132462
2017-04-24,6.394848756741598e-05,-0.004168855745236877
2017-04-25,0.00011322784937324512,-0.0073256669434002795
2017-04-26,-0.0002121177851464419,0.013920644527487317
2017-04-27,0.00022190205215126866,-0.01434735470460544
2017-04-28,0.00025213330758389887,-0.016032417795908818
2017-05-01,1.0124003233496536e-05,-0.0006433284036494055
2017-05-02,-1.012400323349654e-05,0.0006437556829041241
2017-05-03,-8.051818302975817e-05,0.005147101072034542
2017-05-04,9.06421862632547e-05,-0.005759845354365045
2017-05-05,-0.0002687815525411806,0.01738596997317798
2017-05-08,1.9589514984930146e-05,-0.0012654822348543324
2017-05-09,6.896209804529577e-05,-0.00443457639648614
2017-05-10,1.3206442152208715e-05,-0.000848491102009772
2017-05-11,0.0001198910778433261,-0.00764207528696908
2017-05-12,6.0651703647179984e-05,-0.003850691190746555
2017-05-15,0.00015718476627587852,-0.009877719247685745
2017-05-16,2.419921113613659e-05,-0.001518330537651882
2017-05-17,0.0002927392623095586,-0.018025512779182504
2017-05-18,-0.00019869484009228184,0.012391233217461727
2017-05-19,-0.0001320382644986395,0.008304906673334455
2017-05-22,-2.06464499132697e-05,0.001300357513098513
2017-05-23,-0.0,0.0
2017-05-24,0.00015268471441190915,-0.00952189751953703
2017-05-25,-9.404442221727652e-05,0.005900626980979951
2017-05-26,-3.461606989527347e-06,0.0002172402248356329
2017-05-30,-0.0002987531670390775,0.01911872256111632
2017-05-31,-0.0001451489443633243,0.00937866057944615
2017-06-01,4.2599077414737174e-05,-0.002744707955175369
2017-06-02,2.3036750139738904e-05,-0.0014820159267039568
2017-06-05,2.3106302544732738e-05,-0.0014842149722184086
2017-06-06,-2.3106302544732724e-05,0.00148649041947382
2017-06-07,-1.9750032239618316e-05,0.001272239631843118
2017-06-08,0.000102594127204457,-0.0065640725394622585
2017-06-09,-0.00017457690737915864,0.011299768188962066
2017-06-12,-0.00015153284215821037,0.00990839866469108
2017-06-13,0.00023667664252530427,-0.015232702463217373
2017-06-14,-7.53679112002767e-05,0.004875127138304606
2017-06-15,1.632109569302663e-05,-0.001054572029173051
2017-06-16,3.2684192919035175e-06,-0.00021113981398421163
2017-06-19,1.963999258420649e-05,-0.0012670852915676756
2017-06-20,0.0002093172609733553,-0.013318705071000074
2017-06-21,0.00018059058270049046,-0.011356196530926005
2017-06-22,-3.446379439389496e-06,0.00021676943205598855
2017-06-23,1.0343694008103296e-05,-0.0006501582874978663
2017-06-26,-0.0001232290050748939,0.0078080333875225815
2017-06-27,0.0003153162932226915,-0.019575394089290894
2017-06-28,-0.0,0.0
2017-06-29,0.00015349131292634118,-0.009436160783416362
2017-06-30,-8.95988095014663e-05,0.0055397639466345395
2017-07-03,-0.00012025673459435149,0.007492819843999545
2017-07-05,0.00012382142272869347,-0.007653956355049116
2017-07-06,0.0004265631997927473,-0.02488138752809069
2017-07-07,1.550589580053018e-05,-0.000903611751258437
2017-07-10,0.00010934528001557119,-0.00633039713028788
2017-07-11,0.00012272617328997127,-0.007053199752636007
2017-07-12,-0.00013058353558103393,0.007563517653507292
2017-07-13,-0.00010536706571967589,0.0061417407547338905
2017-07-14,-2.7104166294961816e-05,0.0015824612510423636
2017-07-17,-3.8569471636928794e-05,0.0022571146422288727
2017-07-18,0.00011624212531167193,-0.006755035932406999
2017-07-19,-3.5041181986935564e-05,0.0020406045744707077
2017-07-20,-0.0002939662674592103,0.01742755271988247
2017-07-21,-3.750417481553102e-06,0.0002223915997051952
2017-07-24,0.00019729718539885876,-0.011559429018535034
2017-07-25,-0.00010302509522473912,0.006074051088714771
2017-07-26,-0.00015777071264221236,0.009392024648885795
2017-07-27,-0.0011783327736892694,0.07562346902811262
2017-07-28,-4.160464981112885e-05,0.002677491773531173
2017-07-31,-0.00014542187244695912,0.009449905620252266
2017-08-01,-0.0001518958725845307,0.00997207106956427
2017-08-02,0.00021162503157961358,-0.013697149768993094
2017-08-03,-0.00012520236448476194,0.008171831445927986
2017-08-04,-9.255785102960038e-05,0.006079011784847733
2017-08-07,1.5347377331657318e-05,-0.0010069384537866656
2017-08-08,8.031541505175439e-05,-0.005241010823179887
2017-08-09,0.0001189420483188379,-0.007699987992833478
2017-08-10,6.335719270803128e-05,-0.004084299381327551
2017-08-11,-1.2713623938332377e-05,0.0008202726317884303
2017-08-14,-0.00022527978653827767,0.014755993621701399
2017-08-15,9.305337717469221e-05,-0.006057008123440401
2017-08-16,2.1878404028141644e-05,-0.0014220159854108083
2017-08-17,0.00016452758231298893,-0.010577054735389883
2017-08-18,6.423520702430739e-05,-0.004112002003249295
2017-08-21,-0.0001437786486266437,0.009292161800104805
2017-08-22,-6.618080147677677e-05,0.0042960958915020525
2017-08-23,2.199629786724685e-05,-0.0014257803308814665
2017-08-24,-9.434790210971596e-06,0.0006119405204767073
2017-08-25,-0.00011540627116728611,0.007543463528046074
2017-08-28,2.1698871170230557e-05,-0.0014162633309661764
2017-08-29,3.110701912909956e-05,-0.0020260828594967266
2017-08-30,0.00012255273440306508,-0.007917026733747843
2017-08-31,4.766627496265792e-05,-0.003069540707580954
2017-09-01,1.59550720033597e-05,-0.0010263630434854283
2017-09-05,0.000180998433378665,-0.011505145139242418
2017-09-06,0.00014857669006675171,-0.009353112499122499
2017-09-07,0.0002403068951182535,-0.01489505869857166
2017-09-08,3.0989937733093905e-05,-0.0019170620103189278
2017-09-11,-6.52818990691348e-05,0.004055299319755366
2017-09-12,-0.00016591182319413154,0.010417241524538092
2017-09-13,-0.00015262239543844538,0.00967853810894285
2017-09-14,2.3033163084004872e-05,-0.0014584483183974826
2017-09-15,-0.00022089891047969467,0.014191987905967948
2017-09-18,-7.330197170683035e-05,0.004732381271084728
2017-09-19,-0.0003864304874218865,0.025606499435639037
2017-09-20,-4.206437994529461e-05,0.00279539001810889
2017-09-21,0.0001635744225451722,-0.01074992598165853
2017-09-22,-0.0002883513668237858,0.019327504783564462
2017-09-25,-0.0,0.0
2017-09-26,0.0001157940987935702,-0.007699837163731492
2017-09-27,-0.0,0.0
2017-09-28,2.9985238791063944e-05,-0.0019898087422229017
2017-09-29,-2.399788518966505e-05,0.0015951075590525006
2017-10-02,3.903606562468807e-05,-0.002587757225949419
2017-10-03,-0.00014607337319732006,0.00978099307736998
2017-10-04,-1.4744144822337077e-05,0.0009882648822588497
2017-10-05,3.839639562835343e-05,-0.0025668140252132388
2017-10-06,0.00029815526572241817,-0.018990572883765242
2017-10-09,-7.563296419472188e-05,0.004841392235559321
2017-10-10,-2.8171893943411122e-05,0.0018066904913777596
2017-10-11,8.798671747368782e-05,-0.005610018980532033
2017-10-12,0.00016288006509787743,-0.010275106017587306
2017-10-13,0.00015976241122122337,-0.00997467399001977
2017-10-16,-7.539595800330321e-05,0.004730287284788255
2017-10-17,-0.00010048685505854944,0.0063457597658604595
2017-10-18,-8.010497728617376e-05,0.005085184278912173
2017-10-19,-0.0001764816341690276,0.011334309732737495
2017-10-20,-9.905490470217955e-05,0.0064036884401464335
2017-10-23,0.0001679057973956988,-0.010734577546032508
2017-10-24,1.5734259155219696e-05,-0.001004882193182079
2017-10-25,8.87094038980527e-05,-0.005632581973298538
2017-10-26,-7.294296176235822e-05,0.004653731925208541
2017-10-27,6.315610215846557e-06,-0.0004027660015657678
2017-10-30,0.00033568993392305783,-0.020945259523821966
2017-10-31,-1.31808640957236e-05,0.0008231143481141687
2017-11-01,1.3180864095723592e-05,-0.0008224155428397088
2017-11-02,0.00012297626779237777,-0.007612754445149237
2017-11-03,1.3409679775916983e-05,-0.0008294053223311025
2017-11-06,0.0006604657533999087,-0.039196134837068256
2017-11-07,-1.4545578940114458e-05,0.0008639960419691574
2017-11-08,4.006193522095051e-05,-0.002373806838094815
2017-11-09,0.00014361351661603235,-0.008435357006921156
2017-11-10,7.086974886988101e-05,-0.00414479477298496
2017-11-13,4.883657107950989e-05,-0.0028477766196513847
2017-11-14,0.000202074629357693,-0.011641500789636746
2017-11-15,4.254853274246786e-05,-0.002445013656312246
2017-11-16,-0.00025215494097010716,0.014710438575239454
2017-11-17,-0.00024117197036495631,0.014277478911922256
2017-11-20,-0.0002804485483958217,0.01689260297075876
2017-11-21,7.072643872994301e-06,-0.00042582778902750624
2017-11-22,-0.0003191248993393878,0.019602919275628166
2017-11-24,3.066754776121665e-05,-0.0018801604777165628
2017-11-27,-0.00021888538600028216,0.013607959966052442
2017-11-28,-0.0003761437719475958,0.023962924629227472
2017-11-29,-0.0003344822946704461,0.021787598819626938
2017-11-30,-0.000294137161662284,0.01954554219705519
2017-12-01,-0.00010414151213798974,0.006969939839797546
2017-12-04,-0.00013378060978828723,0.009036951097528764
2017-12-05,0.0002291874196202541,-0.015238716679374278
2017-12-06,7.01671665909216e-05,-0.004643108560039124
2017-12-07,7.67682427550669e-05,-0.005053460644379859
2017-12-08,-0.00019623829318502617,0.013092139334740434
2017-12-11,-0.0002136525433248038,0.014466323968712776
2017-12-12,-0.00036939114850978623,0.02567227551815677
2017-12-13,8.045728929538125e-05,-0.00555970063512645
2017-12-14,0.00014990050755902046,-0.010249040691155238
2017-12-15,-9.03159807647229e-05,0.006214613327603605
2017-12-18,-0.00015602448662801853,0.010855936781646109
2017-12-19,0.00011264106987582394,-0.00777468287378618
2017-12-20,1.6237951679490825e-05,-0.0011194803901716387
2017-12-21,-6.473125728938324e-05,0.004483307401039115
2017-12-22,-4.816509372759196e-05,0.003347420644812301
2017-12-26,-7.995839967743168e-06,0.0005560199524744666
2017-12-27,-1.596466696262235e-05,0.0011114310489337
2017-12-28,-3.9754799539150354e-05,0.002775560515776138
